2026-04-13 19:08:09,791 [     11]   INFO - #c.i.i.AppStarter - ------------------------------------------------------ IDE STARTED ------------------------------------------------------
2026-04-13 19:08:09,866 [     86]   INFO - #c.i.i.p.PluginManager - Plugin PluginDescriptor(name=Groovy, id=org.intellij.groovy, descriptorPath=plugin.xml, path=~/.gradle/caches/modules-2/files-2.1/com.jetbrains.intellij.idea/ideaIC/223.8214.52/2a2986db4e11c3d378b4d1c8b9fd040cd6d99802/ideaIC-223.8214.52/plugins/Groovy, version=223.8214.52, package=org.jetbrains.plugins.groovy, isBundled=true) misses optional descriptor duplicates-groovy.xml
2026-04-13 19:08:09,867 [     87]   INFO - #c.i.i.p.PluginManager - Plugin PluginDescriptor(name=Groovy, id=org.intellij.groovy, descriptorPath=plugin.xml, path=~/.gradle/caches/modules-2/files-2.1/com.jetbrains.intellij.idea/ideaIC/223.8214.52/2a2986db4e11c3d378b4d1c8b9fd040cd6d99802/ideaIC-223.8214.52/plugins/Groovy, version=223.8214.52, package=org.jetbrains.plugins.groovy, isBundled=true) misses optional descriptor duplicates-detection-groovy.xml
2026-04-13 19:08:09,960 [    180]   INFO - #c.i.i.p.PluginManager - Plugin PluginDescriptor(name=Kotlin, id=org.jetbrains.kotlin, descriptorPath=plugin.xml, path=~/.gradle/caches/modules-2/files-2.1/com.jetbrains.intellij.idea/ideaIC/223.8214.52/2a2986db4e11c3d378b4d1c8b9fd040cd6d99802/ideaIC-223.8214.52/plugins/Kotlin, version=223-1.7.21-release-272-IJ8214.52, package=org.jetbrains.kotlin, isBundled=true) misses optional descriptor performance-plugin.xml
2026-04-13 19:08:09,976 [    196]   INFO - #c.i.i.AppStarter - JNA library (64-bit) loaded in 135 ms
2026-04-13 19:08:09,985 [    205]   INFO - #c.i.i.AppStarter - IDE: IntelliJ IDEA (build #IC-223.8214.52, 20 Dec 2022 14:24)
2026-04-13 19:08:09,985 [    205]   INFO - #c.i.i.AppStarter - OS: Mac OS X (26.4.1, aarch64)
2026-04-13 19:08:09,986 [    206]   INFO - #c.i.i.AppStarter - JRE: 17.0.5+1-b653.23 (JetBrains s.r.o.)
2026-04-13 19:08:09,986 [    206]   INFO - #c.i.i.AppStarter - JVM: 17.0.5+1-b653.23 (OpenJDK 64-Bit Server VM)
2026-04-13 19:08:09,992 [    212]   INFO - #c.i.i.AppStarter - PID: 11240
2026-04-13 19:08:09,992 [    212]   INFO - #c.i.i.AppStarter - JVM options: [-Dapple.awt.fileDialogForDirectories=true, -Dapple.laf.useScreenMenuBar=true, -Didea.auto.reload.plugins=true, -Didea.classpath.index.enabled=false, -Didea.config.path=/Users/vadim/code/metricstree_cli/build/idea-sandbox/config, -Didea.is.internal=true, -Didea.log.path=/Users/vadim/code/metricstree_cli/build/idea-sandbox/system/log, -Didea.paths.selector=IdeaIC2022.3, -Didea.platform.prefix=Idea, -Didea.plugin.in.sandbox.mode=true, -Didea.plugins.path=/Users/vadim/code/metricstree_cli/build/idea-sandbox/plugins, -Didea.required.plugins.id, -Didea.smooth.progress=false, -Didea.system.path=/Users/vadim/code/metricstree_cli/build/idea-sandbox/system, -Didea.vendor.name=JetBrains, -Djava.system.class.loader=com.intellij.util.lang.PathClassLoader, -Djbr.catch.SIGABRT=true, -Djdk.attach.allowAttachSelf=true, -Djdk.http.auth.tunneling.disabledSchemes="", -Djdk.module.illegalAccess.silent=true, -Djna.boot.library.path=/Users/vadim/.gradle/caches/modules-2/files-2.1/com.jetbrains.intellij.idea/ideaIC/223.8214.52/2a2986db4e11c3d378b4d1c8b9fd040cd6d99802/ideaIC-223.8214.52/lib/jna/aarch64, -Djna.noclasspath=true, -Djna.nosys=true, -Dpty4j.preferred.native.folder=/Users/vadim/.gradle/caches/modules-2/files-2.1/com.jetbrains.intellij.idea/ideaIC/223.8214.52/2a2986db4e11c3d378b4d1c8b9fd040cd6d99802/ideaIC-223.8214.52/lib/pty4j, -Dsplash=true, -Dsun.io.useCanonCaches=false, -Dsun.java2d.metal=true, -XX:ReservedCodeCacheSize=512m, -XX:+UseG1GC, -XX:SoftRefLRUPolicyMSPerMB=50, -XX:CICompilerCount=2, -XX:+HeapDumpOnOutOfMemoryError, -XX:-OmitStackTraceInFastThrow, -XX:+IgnoreUnrecognizedVMOptions, -XX:CompileCommand=exclude,com/intellij/openapi/vfs/impl/FilePartNodeRoot,trieDescend, -XX:ErrorFile=$USER_HOME/java_error_in_idea_%p.log, -XX:HeapDumpPath=$USER_HOME/java_error_in_idea.hprof, -javaagent:/Users/vadim/code/metricstree_cli/build/tmp/initializeIntelliJPlugin/coroutines-javaagent.jar, --add-opens=java.base/java.io=ALL-UNNAMED, --add-opens=java.base/java.lang=ALL-UNNAMED, --add-opens=java.base/java.lang.ref=ALL-UNNAMED, --add-opens=java.base/java.lang.reflect=ALL-UNNAMED, --add-opens=java.base/java.net=ALL-UNNAMED, --add-opens=java.base/java.nio=ALL-UNNAMED, --add-opens=java.base/java.nio.charset=ALL-UNNAMED, --add-opens=java.base/java.text=ALL-UNNAMED, --add-opens=java.base/java.time=ALL-UNNAMED, --add-opens=java.base/java.util=ALL-UNNAMED, --add-opens=java.base/java.util.concurrent=ALL-UNNAMED, --add-opens=java.base/java.util.concurrent.atomic=ALL-UNNAMED, --add-opens=java.base/jdk.internal.vm=ALL-UNNAMED, --add-opens=java.base/sun.nio.ch=ALL-UNNAMED, --add-opens=java.base/sun.nio.fs=ALL-UNNAMED, --add-opens=java.base/sun.security.ssl=ALL-UNNAMED, --add-opens=java.base/sun.security.util=ALL-UNNAMED, --add-opens=java.desktop/com.apple.eawt=ALL-UNNAMED, --add-opens=java.desktop/com.apple.eawt.event=ALL-UNNAMED, --add-opens=java.desktop/com.apple.laf=ALL-UNNAMED, --add-opens=java.desktop/java.awt=ALL-UNNAMED, --add-opens=java.desktop/java.awt.dnd.peer=ALL-UNNAMED, --add-opens=java.desktop/java.awt.event=ALL-UNNAMED, --add-opens=java.desktop/java.awt.image=ALL-UNNAMED, --add-opens=java.desktop/java.awt.peer=ALL-UNNAMED, --add-opens=java.desktop/java.awt.font=ALL-UNNAMED, --add-opens=java.desktop/javax.swing=ALL-UNNAMED, --add-opens=java.desktop/javax.swing.plaf.basic=ALL-UNNAMED, --add-opens=java.desktop/javax.swing.text.html=ALL-UNNAMED, --add-opens=java.desktop/sun.awt.datatransfer=ALL-UNNAMED, --add-opens=java.desktop/sun.awt.image=ALL-UNNAMED, --add-opens=java.desktop/sun.awt=ALL-UNNAMED, --add-opens=java.desktop/sun.font=ALL-UNNAMED, --add-opens=java.desktop/sun.java2d=ALL-UNNAMED, --add-opens=java.desktop/sun.lwawt=ALL-UNNAMED, --add-opens=java.desktop/sun.lwawt.macosx=ALL-UNNAMED, --add-opens=java.desktop/sun.swing=ALL-UNNAMED, --add-opens=jdk.attach/sun.tools.attach=ALL-UNNAMED, --add-opens=jdk.compiler/com.sun.tools.javac.api=ALL-UNNAMED, --add-opens=jdk.internal.jvmstat/sun.jvmstat.monitor=ALL-UNNAMED, --add-opens=jdk.jdi/com.sun.tools.jdi=ALL-UNNAMED, -Xms128m, -Xmx750m, -Dfile.encoding=UTF-8, -Duser.country=RU, -Duser.language=ru, -Duser.variant, -ea]
2026-04-13 19:08:09,993 [    213]   INFO - #c.i.i.AppStarter - args: traverseUI /Users/vadim/code/metricstree_cli/build/searchableOptions true
2026-04-13 19:08:09,993 [    213]   INFO - #c.i.i.AppStarter - library path: /Users/vadim/Library/Java/Extensions:/Library/Java/Extensions:/Network/Library/Java/Extensions:/System/Library/Java/Extensions:/usr/lib/java:.
2026-04-13 19:08:09,993 [    213]   INFO - #c.i.i.AppStarter - boot library path: /Users/vadim/.gradle/caches/modules-2/files-2.1/com.jetbrains/jbre/jbr_jcef-17.0.5-osx-aarch64-b653.23/extracted/jbr_jcef-17.0.5-osx-aarch64-b653.23/Contents/Home/lib
2026-04-13 19:08:10,004 [    224]   INFO - #c.i.i.AppStarter - locale=ru_RU JNU=UTF-8 file.encoding=UTF-8
  idea.config.path=/Users/vadim/code/metricstree_cli/build/idea-sandbox/config
  idea.system.path=/Users/vadim/code/metricstree_cli/build/idea-sandbox/system
  idea.plugins.path=/Users/vadim/code/metricstree_cli/build/idea-sandbox/plugins
  idea.log.path=/Users/vadim/code/metricstree_cli/build/idea-sandbox/system/log
2026-04-13 19:08:10,018 [    238]   INFO - #c.i.i.AppStarter - CPU cores: 8; ForkJoinPool.commonPool: java.util.concurrent.ForkJoinPool@6e030076[Running, parallelism = 8, size = 0, active = 0, running = 0, steals = 0, tasks = 0, submissions = 0]; factory: com.intellij.concurrency.IdeaForkJoinWorkerThreadFactory@6ca85466
2026-04-13 19:08:10,024 [    244]   INFO - #c.i.i.p.PluginManager - Module intellij.sh.python is not enabled because dependency com.intellij.modules.python is not available
Module intellij.space.gateway is not enabled because dependency com.jetbrains.gateway is not available
Module intellij.space.php is not enabled because dependency com.jetbrains.php is not available
Module intellij.space.index is not enabled because dependency intellij.indexing.shared is not available
2026-04-13 19:08:10,044 [    264]   INFO - #c.i.i.p.PluginManager - Loaded bundled plugins: IntelliLang (223.8214.52), Java Internationalization (223.8214.52), Kotlin (223-1.7.21-release-272-IJ8214.52), Properties (223.8214.52), Gradle-Java (223.8214.52), com.intellij.dev (223.8214.52), Machine Learning in Search Everywhere (223.8214.52), EditorConfig (223.8214.52), Git (223.8214.52), Maven (223.8214.52), Android Design Tools (223.8214.52), Shell Script (223.8214.52), JavaFX (223.8214.52), Code With Me (223.8214.52), Ant (223.8214.52), Images (223.8214.52), Toml (223.8214.52), Java IDE Customization (223.8214.52), Projector Libraries for Code With Me and Remote Development (223.8214.52), Grazie (223.8214.52), Gradle Dependency Updater Implementation (223.8214.52), JetBrains maven model api classes (223.8214.52), Perforce Helix Core (223.8214.52), YAML (223.8214.52), com.intellij.tracing.ide (223.8214.52), Space (223.8214.52), Gradle-Maven (223.8214.52), Shared Indexes (223.8214.52), IDEA CORE (223.8214.52), Eclipse Interoperability (223.8214.52), Gradle DSL API (223.8214.52), Machine Learning Code Completion (223.8214.52), Windows 10 Light Theme (223.8214.52), Gradle (223.8214.52), Configuration Script (223.8214.52), Emoji Picker (223.8214.52), GitHub (223.8214.52), Smali Support (223.8214.52), Eclipse Keymap (223.8214.52), TestNG (223.8214.52), Java Bytecode Decompiler (223.8214.52), Mercurial (223.8214.52), Android (2022.1.1 Beta 2.223.8214.52), WebP Support (223.8214.52), Maven server api classes (223.8214.52), Java Stream Debugger (223.8214.52), Copyright (223.8214.52), Visual Studio Keymap (223.8214.52), Groovy (223.8214.52), Qodana (223.8214.52), Java (223.8214.52), macOS Light Theme (223.8214.52), Plugin DevKit (223.8214.52), Settings Sync (223.8214.52), JUnit (223.8214.52), Terminal (223.8214.52), TextMate Bundles (223.8214.52), IDE Features Trainer (223.8214.52), Code Coverage for Java (223.8214.52), Package Search (223.8214.52), Markdown (223.8214.52), Task Management (223.8214.52), Bytecode Viewer (223.8214.52), XPathView + XSLT (223.8214.52), XSLT Debugger (223.8214.52), Subversion (223.8214.52), UI Designer (223.8214.52), JetBrains Repository Search (223.8214.52), NetBeans Keymap (223.8214.52), Lombok (223.8214.52), JetBrains Marketplace Licensing Support (223.8214.52)
2026-04-13 19:08:11,786 [   2006]   INFO - #JetprofileSource - License not found
2026-04-13 19:08:11,940 [   2160]   INFO - #c.i.i.p.ExpiredPluginsState - Plugins to skip: []
2026-04-13 19:08:11,993 [   2213]   INFO - #c.i.a.o.PathMacrosImpl - Loaded path macros: {MAVEN_REPOSITORY=/Users/vadim/.m2/repository}
2026-04-13 19:08:12,008 [   2228]   WARN - #c.i.u.n.s.ConfirmingTrustManager - Received an empty list of custom trusted root certificates from the system. Check log above for possible errors, enable debug logging in category 'org.jetbrains.nativecerts' for more information
2026-04-13 19:08:12,010 [   2230]   INFO - #c.i.u.n.s.CertificateManager - Default SSL context initialized
2026-04-13 19:08:12,027 [   2247]   INFO - #c.i.o.v.n.p.PersistentFSConnector - VFS uses strict names enumerator
2026-04-13 19:08:12,057 [   2277]   INFO - #o.j.i.BuiltInServerManager - built-in server started, port 63343
2026-04-13 19:08:12,084 [   2304]   INFO - #c.i.o.v.n.p.PersistentFSConnector - VFS uses regular attributes storage
2026-04-13 19:08:12,097 [   2317]   INFO - #c.i.o.v.n.p.FSRecords - using REGULAR storage for VFS records
2026-04-13 19:08:12,111 [   2331]   INFO - #c.i.o.v.n.p.PersistentFSConnector - 8 ms to load free records and inverted name index
2026-04-13 19:08:12,116 [   2336]   INFO - #com.android.tools.idea.serverflags.ServerFlagInitializer - Enabled server flags: 
2026-04-13 19:08:12,433 [   2653]   INFO - #c.i.i.s.p.i.SharedIndexMainZipStorage - Shared Indexes Storage is opened and empty
2026-04-13 19:08:12,584 [   2804]   INFO - #c.i.o.a.Experiments - Experimental features enabled for user: wsl.p9.support, wsl.prefer.p9.support, wsl.p9.show.roots.in.file.chooser, wsl.execute.with.wsl.exe, linux.native.menu, recent.and.edited.files.together, show.create.new.element.in.popup, search.everywhere.mixed.results, new.project.wizard, editor.reader.mode, new.large.text.file.viewer, terminal.shell.command.handling
2026-04-13 19:08:12,939 [   3159]   INFO - #c.i.u.i.FileBasedIndexImpl - Indices to be built:yaml.keys.name(v = 1),java.fun.expression(v = 4102),org.jetbrains.kotlin.idea.vfilefinder.KotlinStdlibIndex(v = 1),JavaFxControllerClassIndex(v = 1),org.jetbrains.kotlin.idea.vfilefinder.KlibMetaFileIndex(v = 4),RelaxSymbolIndex(v = 0),bytecodeAnalysis(v = 4107),xmlProperties(v = 2),IdIndex(v = 4118),TodoIndex(v = 4109),Trigram.Index(v = 4099),json.file.root.values(v = 5),org.jetbrains.kotlin.idea.vfilefinder.KotlinPackageSourcesMemberNamesIndex(v = 2),html5.custom.attributes.index(v = 1),ant-imports(v = 5),org.jetbrains.kotlin.idea.vfilefinder.KotlinMetadataFilePackageIndex(v = 1),fileIncludes(v = 6),editorconfig.index.name(v = 5),LombokConfigIndex(v = 11),java.binary.plus.expression(v = 4100),DomFileIndex(v = 0),org.jetbrains.kotlin.idea.versions.KotlinJvmMetadataVersionIndex(v = 5),org.jetbrains.kotlin.idea.vfilefinder.KotlinClassFileIndex(v = 3),NavXmlIndex(v = 10),org.jetbrains.kotlin.idea.vfilefinder.KotlinJavaScriptMetaFileIndex(v = 4),org.jetbrains.kotlin.idea.vfilefinder.KotlinModuleMappingIndex(v = 5),FilenameIndex(v = 258),org.jetbrains.kotlin.idea.vfilefinder.KotlinPartialPackageNamesIndex(v = 4),PluginIdModuleIndex(v = 2),FrameworkDetectionIndex(v = 65536),SchemaTypeInheritance(v = 2),PluginIdDependenciesIndex(v = 5),devkit.ExtensionPointIndex(v = 0),Stubs(v = 46),javafx.custom.component(v = 2),XmlTagNames(v = 1),XsltSymbolIndex(v = 0),javafx.id.name(v = 3),java.auto.module.name(v = 6),org.jetbrains.kotlin.idea.vfilefinder.KotlinBuiltInsMetadataIndex(v = 1),java.source.module.name(v = 4),java.null.method.argument(v = 4097),XmlNamespaces(v = 8),devkit.ExtensionPointClassIndex(v = 1),org.jetbrains.kotlin.idea.versions.KotlinJsMetadataVersionIndex(v = 3),BindingXmlIndex(v = 10),com.intellij.uiDesigner.FormClassIndex(v = 0),IdeaPluginRegistrationIndex(v = 8),filetypes(v = 4096),org.jetbrains.kotlin.idea.vfilefinder.KotlinJvmModuleAnnotationsIndex(v = 1),com.android.tools.idea.model.AndroidManifestIndex$Companion$NAME$1.NAME(v = 10),org.jetbrains.kotlin.idea.vfilefinder.KotlinMetadataFileIndex(v = 1)
2026-04-13 19:08:12,941 [   3161]   INFO - c.i.u.i.FileBasedIndexDataInitialization - Index data initialization done: 662 ms. Initialized indexes: [FilenameIndex, filetypes, FrameworkDetectionIndex, RelaxSymbolIndex, TodoIndex, Trigram.Index, fileIncludes, XmlTagNames, DomFileIndex, html5.custom.attributes.index, XmlNamespaces, IdIndex, json.file.root.values, SchemaTypeInheritance, editorconfig.index.name, yaml.keys.name, XsltSymbolIndex, java.auto.module.name, java.source.module.name, xmlProperties, IdeaPluginRegistrationIndex, java.fun.expression, bytecodeAnalysis, PluginIdModuleIndex, PluginIdDependenciesIndex, java.binary.plus.expression, LombokConfigIndex, JavaFxControllerClassIndex, devkit.ExtensionPointIndex, javafx.custom.component, java.null.method.argument, devkit.ExtensionPointClassIndex, ant-imports, javafx.id.name, org.jetbrains.kotlin.idea.versions.KotlinJsMetadataVersionIndex, org.jetbrains.kotlin.idea.vfilefinder.KotlinJavaScriptMetaFileIndex, org.jetbrains.kotlin.idea.vfilefinder.KotlinMetadataFilePackageIndex, org.jetbrains.kotlin.idea.vfilefinder.KotlinMetadataFileIndex, org.jetbrains.kotlin.idea.vfilefinder.KotlinPartialPackageNamesIndex, org.jetbrains.kotlin.idea.vfilefinder.KotlinClassFileIndex, org.jetbrains.kotlin.idea.vfilefinder.KotlinPackageSourcesMemberNamesIndex, org.jetbrains.kotlin.idea.versions.KotlinJvmMetadataVersionIndex, org.jetbrains.kotlin.idea.vfilefinder.KotlinModuleMappingIndex, org.jetbrains.kotlin.idea.vfilefinder.KotlinBuiltInsMetadataIndex, org.jetbrains.kotlin.idea.vfilefinder.KotlinJvmModuleAnnotationsIndex, com.intellij.uiDesigner.FormClassIndex, org.jetbrains.kotlin.idea.vfilefinder.KlibMetaFileIndex, org.jetbrains.kotlin.idea.vfilefinder.KotlinStdlibIndex, BindingXmlIndex, NavXmlIndex, com.android.tools.idea.model.AndroidManifestIndex$Companion$NAME$1.NAME, Stubs].
2026-04-13 19:08:13,192 [   3412]   INFO - #c.i.p.s.StubIndexImpl - Following stub indices will be built:org.jetbrains.kotlin.idea.stubindex.KotlinJvmNameAnnotationIndex(v = 2),org.jetbrains.kotlin.idea.stubindex.KotlinFunctionShortNameIndex(v = 2),gr.annot.method.name(v = 5),org.jetbrains.kotlin.idea.stubindex.KotlinMultifileClassPartIndex(v = 2),org.jetbrains.kotlin.idea.stubindex.KotlinProbablyNothingPropertyShortNameIndex(v = 2),java.anonymous.baseref(v = 2),markdown.header(v = 2),java.method.name(v = 2),org.jetbrains.kotlin.idea.stubindex.KotlinProbablyNothingFunctionShortNameIndex(v = 2),gr.class.fqn(v = 4),dom.elementClass(v = 0),org.jetbrains.kotlin.idea.stubindex.KotlinFileFacadeFqNameIndex(v = 2),org.jetbrains.kotlin.idea.stubindex.KotlinFileFacadeClassByPackageIndex(v = 2),org.jetbrains.kotlin.idea.stubindex.KotlinTopLevelTypeAliasByPackageIndex(v = 2),org.jetbrains.kotlin.idea.stubindex.KotlinTopLevelFunctionFqnNameIndex(v = 2),org.jetbrains.kotlin.idea.stubindex.KotlinTopLevelClassByPackageIndex(v = 2),org.jetbrains.kotlin.idea.stubindex.KotlinFullClassNameIndex(v = 2),gr.script.fqn(v = 5),gr.script.class(v = 5),org.jetbrains.kotlin.idea.stubindex.KotlinTypeAliasShortNameIndex(v = 2),org.jetbrains.kotlin.idea.stubindex.KotlinSuperClassIndex(v = 2),org.jetbrains.kotlin.idea.stubindex.KotlinExtensionsInObjectsByReceiverTypeIndex(v = 2),org.jetbrains.kotlin.idea.stubindex.KotlinProbablyContractedFunctionShortNameIndex(v = 2),org.jetbrains.kotlin.idea.stubindex.KotlinTopLevelExtensionsByReceiverTypeIndex(v = 3),java.class.shortname(v = 4),java.module.name(v = 4),java.field.name(v = 2),org.jetbrains.kotlin.idea.stubindex.KotlinPropertyShortNameIndex(v = 2),dom.namespaceKey(v = 1),org.jetbrains.kotlin.idea.stubindex.KotlinTopLevelPropertyFqnNameIndex(v = 2),gr.anonymous.class(v = 6),org.jetbrains.kotlin.idea.stubindex.KotlinAnnotationsIndex(v = 3),jvm.static.member.name(v = 2),gr.class.super(v = 5),org.jetbrains.kotlin.idea.stubindex.KotlinScriptFqnIndex(v = 2),org.jetbrains.kotlin.idea.stubindex.KotlinTypeAliasByExpansionShortNameIndex(v = 2),jvm.static.member.type(v = 2),org.jetbrains.kotlin.idea.stubindex.KotlinExactPackagesIndex(v = 2),java.class.fqn(v = 1),gr.field.name(v = 5),org.jetbrains.kotlin.idea.stubindex.KotlinTopLevelPropertyByPackageIndex(v = 2),org.jetbrains.kotlin.idea.stubindex.KotlinTopLevelFunctionByPackageIndex(v = 2),org.jetbrains.kotlin.idea.stubindex.KotlinOverridableInternalMembersShortNameIndex(v = 2),java.annotations(v = 2),org.jetbrains.kotlin.idea.stubindex.KotlinInnerTypeAliasClassIdIndex(v = 2),org.jetbrains.kotlin.idea.stubindex.KotlinClassShortNameIndex(v = 2),properties.index(v = 2),org.jetbrains.kotlin.idea.stubindex.KotlinFilePartClassIndex(v = 2),markdown.header.anchor(v = 2),java.class.extlist(v = 3),gr.method.name(v = 5),java.method.parameter.types(v = 3),kotlin.primeIndexKey(v = 2),org.jetbrains.kotlin.idea.stubindex.KotlinFileFacadeShortNameIndex(v = 2),gr.annot.members(v = 5),org.jetbrains.kotlin.idea.stubindex.KotlinSubclassObjectNameIndex(v = 2),org.jetbrains.kotlin.idea.stubindex.KotlinTopLevelTypeAliasFqNameIndex(v = 2)
2026-04-13 19:08:13,193 [   3413]   INFO - c.i.p.s.StubIndexImpl$StubIndexInitialization - Index data initialization done: 250 ms. Initialized stub indexes: {org.jetbrains.kotlin.idea.stubindex.KotlinTypeAliasByExpansionShortNameIndex, java.class.fqn, org.jetbrains.kotlin.idea.stubindex.KotlinTopLevelFunctionFqnNameIndex, org.jetbrains.kotlin.idea.stubindex.KotlinMultifileClassPartIndex, org.jetbrains.kotlin.idea.stubindex.KotlinTopLevelFunctionByPackageIndex, java.class.extlist, org.jetbrains.kotlin.idea.stubindex.KotlinTopLevelClassByPackageIndex, gr.script.class, java.method.parameter.types, org.jetbrains.kotlin.idea.stubindex.KotlinTopLevelTypeAliasByPackageIndex, markdown.header, kotlin.primeIndexKey, org.jetbrains.kotlin.idea.stubindex.KotlinFileFacadeFqNameIndex, org.jetbrains.kotlin.idea.stubindex.KotlinPropertyShortNameIndex, org.jetbrains.kotlin.idea.stubindex.KotlinSubclassObjectNameIndex, gr.method.name, gr.annot.members, gr.class.fqn, org.jetbrains.kotlin.idea.stubindex.KotlinProbablyNothingFunctionShortNameIndex, org.jetbrains.kotlin.idea.stubindex.KotlinTopLevelExtensionsByReceiverTypeIndex, org.jetbrains.kotlin.idea.stubindex.KotlinTopLevelTypeAliasFqNameIndex, org.jetbrains.kotlin.idea.stubindex.KotlinInnerTypeAliasClassIdIndex, java.module.name, org.jetbrains.kotlin.idea.stubindex.KotlinOverridableInternalMembersShortNameIndex, org.jetbrains.kotlin.idea.stubindex.KotlinFileFacadeShortNameIndex, org.jetbrains.kotlin.idea.stubindex.KotlinProbablyNothingPropertyShortNameIndex, jvm.static.member.name, java.class.shortname, org.jetbrains.kotlin.idea.stubindex.KotlinAnnotationsIndex, java.method.name, org.jetbrains.kotlin.idea.stubindex.KotlinFunctionShortNameIndex, org.jetbrains.kotlin.idea.stubindex.KotlinFilePartClassIndex, org.jetbrains.kotlin.idea.stubindex.KotlinTopLevelPropertyFqnNameIndex, org.jetbrains.kotlin.idea.stubindex.KotlinTypeAliasShortNameIndex, org.jetbrains.kotlin.idea.stubindex.KotlinExactPackagesIndex, org.jetbrains.kotlin.idea.stubindex.KotlinScriptFqnIndex, org.jetbrains.kotlin.idea.stubindex.KotlinClassShortNameIndex, java.anonymous.baseref, jvm.static.member.type, org.jetbrains.kotlin.idea.stubindex.KotlinTopLevelPropertyByPackageIndex, gr.anonymous.class, properties.index, org.jetbrains.kotlin.idea.stubindex.KotlinFileFacadeClassByPackageIndex, gr.annot.method.name, markdown.header.anchor, org.jetbrains.kotlin.idea.stubindex.KotlinFullClassNameIndex, org.jetbrains.kotlin.idea.stubindex.KotlinJvmNameAnnotationIndex, dom.elementClass, gr.class.super, org.jetbrains.kotlin.idea.stubindex.KotlinSuperClassIndex, gr.field.name, org.jetbrains.kotlin.idea.stubindex.KotlinExtensionsInObjectsByReceiverTypeIndex, dom.namespaceKey, gr.script.fqn, java.annotations, java.field.name, org.jetbrains.kotlin.idea.stubindex.KotlinProbablyContractedFunctionShortNameIndex}.
2026-04-13 19:08:13,837 [   4057]   INFO - #c.i.o.v.i.l.NativeFileWatcherImpl - Native file watcher is disabled
2026-04-13 19:08:15,949 [   6169]   INFO - #c.i.o.a.i.NonBlockingReadActionImpl - OTel monitoring for NonBlockingReadAction is enabled
2026-04-13 19:08:18,304 [   8524]   INFO - #c.i.r.OsRegistryConfigProvider - Looking for 'lobbyServerUrl' value in [/Library/Application Support/JetBrains/CodeWithMe/lobbyServerUrl, /Library/Application Support/JetBrains/CodeWithMe/config.json, /Users/vadim/Library/Application Support/JetBrains/CodeWithMe/lobbyServerUrl, /Users/vadim/Library/Application Support/JetBrains/CodeWithMe/config.json]
2026-04-13 19:08:18,305 [   8525]   INFO - #c.i.r.OsRegistryConfigProvider - OS provided value for 'lobbyServerUrl' is not found
2026-04-13 19:08:18,308 [   8528]   INFO - #c.j.r.p.c.u.CodeWithMeSystemSettings - Setting default value='https://code-with-me.jetbrains.com'
2026-04-13 19:08:18,318 [   8538]   INFO - #c.i.r.OsRegistryConfigProvider - Looking for 'lobbyServerUrl' value in [/Library/Application Support/JetBrains/CodeWithMe/lobbyServerUrl, /Library/Application Support/JetBrains/CodeWithMe/config.json, /Users/vadim/Library/Application Support/JetBrains/CodeWithMe/lobbyServerUrl, /Users/vadim/Library/Application Support/JetBrains/CodeWithMe/config.json]
2026-04-13 19:08:18,318 [   8538]   INFO - #c.i.r.OsRegistryConfigProvider - OS provided value for 'lobbyServerUrl' is not found
2026-04-13 19:08:18,319 [   8539]   INFO - #c.j.r.p.c.u.CodeWithMeSystemSettings - Setting default value='https://code-with-me.jetbrains.com'
2026-04-13 19:08:19,395 [   9615]   INFO - STDERR - java.lang.Error: no ComponentUI class for: com.intellij.util.ui.tree.PerFileConfigurableBase$PerFileConfigurableComboBoxAction$1[,0,0,0x0,invalid,alignmentX=0.0,alignmentY=0.0,border=,flags=0,maximumSize=,minimumSize=,preferredSize=,defaultIcon=,disabledIcon=,disabledSelectedIcon=,margin=null,paintBorder=true,paintFocus=true,pressedIcon=,rolloverEnabled=false,rolloverIcon=,rolloverSelectedIcon=,selectedIcon=,text=,defaultCapable=true]
2026-04-13 19:08:19,395 [   9615]   INFO - STDERR - 	at java.desktop/javax.swing.UIDefaults.getUIError(UIDefaults.java:763)
2026-04-13 19:08:19,395 [   9615]   INFO - STDERR - 	at java.desktop/javax.swing.MultiUIDefaults.getUIError(MultiUIDefaults.java:144)
2026-04-13 19:08:19,395 [   9615]   INFO - STDERR - 	at java.desktop/javax.swing.UIDefaults.getUI(UIDefaults.java:793)
2026-04-13 19:08:19,395 [   9615]   INFO - STDERR - 	at java.desktop/javax.swing.UIManager.getUI(UIManager.java:1078)
2026-04-13 19:08:19,396 [   9616]   INFO - STDERR - 	at java.desktop/javax.swing.JButton.updateUI(JButton.java:144)
2026-04-13 19:08:19,396 [   9616]   INFO - STDERR - 	at com.intellij.openapi.actionSystem.ex.ComboBoxAction$ComboBoxButton.updateUI(ComboBoxAction.java:372)
2026-04-13 19:08:19,396 [   9616]   INFO - STDERR - 	at java.desktop/javax.swing.AbstractButton.init(AbstractButton.java:2141)
2026-04-13 19:08:19,396 [   9616]   INFO - STDERR - 	at java.desktop/javax.swing.JButton.<init>(JButton.java:134)
2026-04-13 19:08:19,397 [   9617]   INFO - STDERR - 	at java.desktop/javax.swing.JButton.<init>(JButton.java:88)
2026-04-13 19:08:19,397 [   9617]   INFO - STDERR - 	at com.intellij.openapi.actionSystem.ex.ComboBoxAction$ComboBoxButton.<init>(ComboBoxAction.java:152)
2026-04-13 19:08:19,397 [   9617]   INFO - STDERR - 	at com.intellij.util.ui.tree.PerFileConfigurableBase$PerFileConfigurableComboBoxAction$1.<init>(PerFileConfigurableBase.java:882)
2026-04-13 19:08:19,397 [   9617]   INFO - STDERR - 	at com.intellij.util.ui.tree.PerFileConfigurableBase$PerFileConfigurableComboBoxAction.createComboBoxButton(PerFileConfigurableBase.java:882)
2026-04-13 19:08:19,397 [   9617]   INFO - STDERR - 	at com.intellij.openapi.actionSystem.ex.ComboBoxAction.createCustomComponent(ComboBoxAction.java:86)
2026-04-13 19:08:19,397 [   9617]   INFO - STDERR - 	at com.intellij.util.ui.tree.PerFileConfigurableBase.createActionPanel(PerFileConfigurableBase.java:614)
2026-04-13 19:08:19,397 [   9617]   INFO - STDERR - 	at com.intellij.util.ui.tree.PerFileConfigurableBase.createActionPanel(PerFileConfigurableBase.java:606)
2026-04-13 19:08:19,397 [   9617]   INFO - STDERR - 	at com.intellij.util.ui.tree.PerFileConfigurableBase.createActionPanel(PerFileConfigurableBase.java:600)
2026-04-13 19:08:19,398 [   9618]   INFO - STDERR - 	at com.intellij.util.ui.tree.PerFileConfigurableBase.createDefaultMappingComponent(PerFileConfigurableBase.java:222)
2026-04-13 19:08:19,398 [   9618]   INFO - STDERR - 	at com.intellij.util.ui.tree.PerFileConfigurableBase.createComponent(PerFileConfigurableBase.java:181)
2026-04-13 19:08:19,398 [   9618]   INFO - STDERR - 	at com.intellij.openapi.vfs.encoding.FileEncodingConfigurable.createComponent(FileEncodingConfigurable.java:159)
2026-04-13 19:08:19,398 [   9618]   INFO - STDERR - 	at com.intellij.openapi.options.ex.ConfigurableWrapper.createComponent(ConfigurableWrapper.java:169)
2026-04-13 19:08:19,398 [   9618]   INFO - STDERR - 	at com.intellij.ide.ui.search.SearchUtil.processConfigurables(SearchUtil.java:75)
2026-04-13 19:08:19,398 [   9618]   INFO - STDERR - 	at com.intellij.ide.ui.search.TraverseUIStarter.lambda$startup$0(TraverseUIStarter.java:120)
2026-04-13 19:08:19,398 [   9618]   INFO - STDERR - 	at java.desktop/java.awt.event.InvocationEvent.dispatch(InvocationEvent.java:308)
2026-04-13 19:08:19,398 [   9618]   INFO - STDERR - 	at java.desktop/java.awt.EventQueue.dispatchEventImpl(EventQueue.java:779)
2026-04-13 19:08:19,398 [   9618]   INFO - STDERR - 	at java.desktop/java.awt.EventQueue$4.run(EventQueue.java:730)
2026-04-13 19:08:19,398 [   9618]   INFO - STDERR - 	at java.desktop/java.awt.EventQueue$4.run(EventQueue.java:724)
2026-04-13 19:08:19,398 [   9618]   INFO - STDERR - 	at java.base/java.security.AccessController.doPrivileged(AccessController.java:399)
2026-04-13 19:08:19,398 [   9618]   INFO - STDERR - 	at java.base/java.security.ProtectionDomain$JavaSecurityAccessImpl.doIntersectionPrivilege(ProtectionDomain.java:86)
2026-04-13 19:08:19,398 [   9618]   INFO - STDERR - 	at java.desktop/java.awt.EventQueue.dispatchEvent(EventQueue.java:749)
2026-04-13 19:08:19,399 [   9619]   INFO - STDERR - 	at com.intellij.ide.IdeEventQueue.defaultDispatchEvent(IdeEventQueue.java:909)
2026-04-13 19:08:19,399 [   9619]   INFO - STDERR - 	at com.intellij.ide.IdeEventQueue._dispatchEvent(IdeEventQueue.java:756)
2026-04-13 19:08:19,399 [   9619]   INFO - STDERR - 	at com.intellij.ide.IdeEventQueue.lambda$dispatchEvent$5(IdeEventQueue.java:437)
2026-04-13 19:08:19,399 [   9619]   INFO - STDERR - 	at com.intellij.openapi.progress.impl.CoreProgressManager.computePrioritized(CoreProgressManager.java:772)
2026-04-13 19:08:19,399 [   9619]   INFO - STDERR - 	at com.intellij.ide.IdeEventQueue.lambda$dispatchEvent$6(IdeEventQueue.java:436)
2026-04-13 19:08:19,399 [   9619]   INFO - STDERR - 	at com.intellij.openapi.application.TransactionGuardImpl.performActivity(TransactionGuardImpl.java:105)
2026-04-13 19:08:19,399 [   9619]   INFO - STDERR - 	at com.intellij.ide.IdeEventQueue.performActivity(IdeEventQueue.java:615)
2026-04-13 19:08:19,399 [   9619]   INFO - STDERR - 	at com.intellij.ide.IdeEventQueue.lambda$dispatchEvent$7(IdeEventQueue.java:434)
2026-04-13 19:08:19,399 [   9619]   INFO - STDERR - 	at com.intellij.openapi.application.impl.ApplicationImpl.runIntendedWriteActionOnCurrentThread(ApplicationImpl.java:813)
2026-04-13 19:08:19,399 [   9619]   INFO - STDERR - 	at com.intellij.ide.IdeEventQueue.dispatchEvent(IdeEventQueue.java:480)
2026-04-13 19:08:19,399 [   9619]   INFO - STDERR - 	at java.desktop/java.awt.EventDispatchThread.pumpOneEventForFilters(EventDispatchThread.java:207)
2026-04-13 19:08:19,399 [   9619]   INFO - STDERR - 	at java.desktop/java.awt.EventDispatchThread.pumpEventsForFilter(EventDispatchThread.java:128)
2026-04-13 19:08:19,399 [   9619]   INFO - STDERR - 	at java.desktop/java.awt.EventDispatchThread.pumpEventsForHierarchy(EventDispatchThread.java:117)
2026-04-13 19:08:19,399 [   9619]   INFO - STDERR - 	at java.desktop/java.awt.EventDispatchThread.pumpEvents(EventDispatchThread.java:113)
2026-04-13 19:08:19,399 [   9619]   INFO - STDERR - 	at java.desktop/java.awt.EventDispatchThread.pumpEvents(EventDispatchThread.java:105)
2026-04-13 19:08:19,399 [   9619]   INFO - STDERR - 	at java.desktop/java.awt.EventDispatchThread.run(EventDispatchThread.java:92)
2026-04-13 19:08:19,402 [   9622]   INFO - STDERR - java.lang.Error: no ComponentUI class for: com.intellij.util.ui.tree.PerFileConfigurableBase$PerFileConfigurableComboBoxAction$1[,0,0,0x0,invalid,alignmentX=0.0,alignmentY=0.0,border=,flags=0,maximumSize=,minimumSize=,preferredSize=,defaultIcon=,disabledIcon=,disabledSelectedIcon=,margin=null,paintBorder=true,paintFocus=true,pressedIcon=,rolloverEnabled=false,rolloverIcon=,rolloverSelectedIcon=,selectedIcon=,text=,defaultCapable=true]
2026-04-13 19:08:19,403 [   9623]   INFO - STDERR - 	at java.desktop/javax.swing.UIDefaults.getUIError(UIDefaults.java:763)
2026-04-13 19:08:19,403 [   9623]   INFO - STDERR - 	at java.desktop/javax.swing.MultiUIDefaults.getUIError(MultiUIDefaults.java:144)
2026-04-13 19:08:19,403 [   9623]   INFO - STDERR - 	at java.desktop/javax.swing.UIDefaults.getUI(UIDefaults.java:793)
2026-04-13 19:08:19,403 [   9623]   INFO - STDERR - 	at java.desktop/javax.swing.UIManager.getUI(UIManager.java:1078)
2026-04-13 19:08:19,403 [   9623]   INFO - STDERR - 	at java.desktop/javax.swing.JButton.updateUI(JButton.java:144)
2026-04-13 19:08:19,403 [   9623]   INFO - STDERR - 	at com.intellij.openapi.actionSystem.ex.ComboBoxAction$ComboBoxButton.updateUI(ComboBoxAction.java:372)
2026-04-13 19:08:19,403 [   9623]   INFO - STDERR - 	at java.desktop/javax.swing.AbstractButton.init(AbstractButton.java:2141)
2026-04-13 19:08:19,403 [   9623]   INFO - STDERR - 	at java.desktop/javax.swing.JButton.<init>(JButton.java:134)
2026-04-13 19:08:19,403 [   9623]   INFO - STDERR - 	at java.desktop/javax.swing.JButton.<init>(JButton.java:88)
2026-04-13 19:08:19,403 [   9623]   INFO - STDERR - 	at com.intellij.openapi.actionSystem.ex.ComboBoxAction$ComboBoxButton.<init>(ComboBoxAction.java:152)
2026-04-13 19:08:19,403 [   9623]   INFO - STDERR - 	at com.intellij.util.ui.tree.PerFileConfigurableBase$PerFileConfigurableComboBoxAction$1.<init>(PerFileConfigurableBase.java:882)
2026-04-13 19:08:19,403 [   9623]   INFO - STDERR - 	at com.intellij.util.ui.tree.PerFileConfigurableBase$PerFileConfigurableComboBoxAction.createComboBoxButton(PerFileConfigurableBase.java:882)
2026-04-13 19:08:19,403 [   9623]   INFO - STDERR - 	at com.intellij.openapi.actionSystem.ex.ComboBoxAction.createCustomComponent(ComboBoxAction.java:86)
2026-04-13 19:08:19,403 [   9623]   INFO - STDERR - 	at com.intellij.util.ui.tree.PerFileConfigurableBase.createActionPanel(PerFileConfigurableBase.java:614)
2026-04-13 19:08:19,404 [   9624]   INFO - STDERR - 	at com.intellij.util.ui.tree.PerFileConfigurableBase.createActionPanel(PerFileConfigurableBase.java:606)
2026-04-13 19:08:19,404 [   9624]   INFO - STDERR - 	at com.intellij.util.ui.tree.PerFileConfigurableBase.createActionPanel(PerFileConfigurableBase.java:600)
2026-04-13 19:08:19,404 [   9624]   INFO - STDERR - 	at com.intellij.util.ui.tree.PerFileConfigurableBase.createDefaultMappingComponent(PerFileConfigurableBase.java:222)
2026-04-13 19:08:19,404 [   9624]   INFO - STDERR - 	at com.intellij.util.ui.tree.PerFileConfigurableBase.createComponent(PerFileConfigurableBase.java:181)
2026-04-13 19:08:19,404 [   9624]   INFO - STDERR - 	at com.intellij.openapi.vfs.encoding.FileEncodingConfigurable.createComponent(FileEncodingConfigurable.java:159)
2026-04-13 19:08:19,404 [   9624]   INFO - STDERR - 	at com.intellij.openapi.options.ex.ConfigurableWrapper.createComponent(ConfigurableWrapper.java:169)
2026-04-13 19:08:19,404 [   9624]   INFO - STDERR - 	at com.intellij.ide.ui.search.SearchUtil.processConfigurables(SearchUtil.java:75)
2026-04-13 19:08:19,404 [   9624]   INFO - STDERR - 	at com.intellij.ide.ui.search.TraverseUIStarter.lambda$startup$0(TraverseUIStarter.java:120)
2026-04-13 19:08:19,404 [   9624]   INFO - STDERR - 	at java.desktop/java.awt.event.InvocationEvent.dispatch(InvocationEvent.java:308)
2026-04-13 19:08:19,404 [   9624]   INFO - STDERR - 	at java.desktop/java.awt.EventQueue.dispatchEventImpl(EventQueue.java:779)
2026-04-13 19:08:19,404 [   9624]   INFO - STDERR - 	at java.desktop/java.awt.EventQueue$4.run(EventQueue.java:730)
2026-04-13 19:08:19,404 [   9624]   INFO - STDERR - 	at java.desktop/java.awt.EventQueue$4.run(EventQueue.java:724)
2026-04-13 19:08:19,404 [   9624]   INFO - STDERR - 	at java.base/java.security.AccessController.doPrivileged(AccessController.java:399)
2026-04-13 19:08:19,404 [   9624]   INFO - STDERR - 	at java.base/java.security.ProtectionDomain$JavaSecurityAccessImpl.doIntersectionPrivilege(ProtectionDomain.java:86)
2026-04-13 19:08:19,404 [   9624]   INFO - STDERR - 	at java.desktop/java.awt.EventQueue.dispatchEvent(EventQueue.java:749)
2026-04-13 19:08:19,404 [   9624]   INFO - STDERR - 	at com.intellij.ide.IdeEventQueue.defaultDispatchEvent(IdeEventQueue.java:909)
2026-04-13 19:08:19,404 [   9624]   INFO - STDERR - 	at com.intellij.ide.IdeEventQueue._dispatchEvent(IdeEventQueue.java:756)
2026-04-13 19:08:19,404 [   9624]   INFO - STDERR - 	at com.intellij.ide.IdeEventQueue.lambda$dispatchEvent$5(IdeEventQueue.java:437)
2026-04-13 19:08:19,405 [   9625]   INFO - STDERR - 	at com.intellij.openapi.progress.impl.CoreProgressManager.computePrioritized(CoreProgressManager.java:772)
2026-04-13 19:08:19,405 [   9625]   INFO - STDERR - 	at com.intellij.ide.IdeEventQueue.lambda$dispatchEvent$6(IdeEventQueue.java:436)
2026-04-13 19:08:19,405 [   9625]   INFO - STDERR - 	at com.intellij.openapi.application.TransactionGuardImpl.performActivity(TransactionGuardImpl.java:105)
2026-04-13 19:08:19,405 [   9625]   INFO - STDERR - 	at com.intellij.ide.IdeEventQueue.performActivity(IdeEventQueue.java:615)
2026-04-13 19:08:19,405 [   9625]   INFO - STDERR - 	at com.intellij.ide.IdeEventQueue.lambda$dispatchEvent$7(IdeEventQueue.java:434)
2026-04-13 19:08:19,405 [   9625]   INFO - STDERR - 	at com.intellij.openapi.application.impl.ApplicationImpl.runIntendedWriteActionOnCurrentThread(ApplicationImpl.java:813)
2026-04-13 19:08:19,405 [   9625]   INFO - STDERR - 	at com.intellij.ide.IdeEventQueue.dispatchEvent(IdeEventQueue.java:480)
2026-04-13 19:08:19,405 [   9625]   INFO - STDERR - 	at java.desktop/java.awt.EventDispatchThread.pumpOneEventForFilters(EventDispatchThread.java:207)
2026-04-13 19:08:19,405 [   9625]   INFO - STDERR - 	at java.desktop/java.awt.EventDispatchThread.pumpEventsForFilter(EventDispatchThread.java:128)
2026-04-13 19:08:19,405 [   9625]   INFO - STDERR - 	at java.desktop/java.awt.EventDispatchThread.pumpEventsForHierarchy(EventDispatchThread.java:117)
2026-04-13 19:08:19,405 [   9625]   INFO - STDERR - 	at java.desktop/java.awt.EventDispatchThread.pumpEvents(EventDispatchThread.java:113)
2026-04-13 19:08:19,405 [   9625]   INFO - STDERR - 	at java.desktop/java.awt.EventDispatchThread.pumpEvents(EventDispatchThread.java:105)
2026-04-13 19:08:19,405 [   9625]   INFO - STDERR - 	at java.desktop/java.awt.EventDispatchThread.run(EventDispatchThread.java:92)
2026-04-13 19:08:19,407 [   9627]   INFO - STDERR - java.lang.Error: no ComponentUI class for: com.intellij.util.ui.tree.PerFileConfigurableBase$PerFileConfigurableComboBoxAction$1[,0,0,0x0,invalid,alignmentX=0.0,alignmentY=0.0,border=,flags=0,maximumSize=,minimumSize=,preferredSize=,defaultIcon=,disabledIcon=,disabledSelectedIcon=,margin=null,paintBorder=true,paintFocus=true,pressedIcon=,rolloverEnabled=false,rolloverIcon=,rolloverSelectedIcon=,selectedIcon=,text=,defaultCapable=true]
2026-04-13 19:08:19,407 [   9627]   INFO - STDERR - 	at java.desktop/javax.swing.UIDefaults.getUIError(UIDefaults.java:763)
2026-04-13 19:08:19,407 [   9627]   INFO - STDERR - 	at java.desktop/javax.swing.MultiUIDefaults.getUIError(MultiUIDefaults.java:144)
2026-04-13 19:08:19,407 [   9627]   INFO - STDERR - 	at java.desktop/javax.swing.UIDefaults.getUI(UIDefaults.java:793)
2026-04-13 19:08:19,408 [   9628]   INFO - STDERR - 	at java.desktop/javax.swing.UIManager.getUI(UIManager.java:1078)
2026-04-13 19:08:19,408 [   9628]   INFO - STDERR - 	at java.desktop/javax.swing.JButton.updateUI(JButton.java:144)
2026-04-13 19:08:19,408 [   9628]   INFO - STDERR - 	at com.intellij.openapi.actionSystem.ex.ComboBoxAction$ComboBoxButton.updateUI(ComboBoxAction.java:372)
2026-04-13 19:08:19,408 [   9628]   INFO - STDERR - 	at java.desktop/javax.swing.AbstractButton.init(AbstractButton.java:2141)
2026-04-13 19:08:19,408 [   9628]   INFO - STDERR - 	at java.desktop/javax.swing.JButton.<init>(JButton.java:134)
2026-04-13 19:08:19,408 [   9628]   INFO - STDERR - 	at java.desktop/javax.swing.JButton.<init>(JButton.java:88)
2026-04-13 19:08:19,408 [   9628]   INFO - STDERR - 	at com.intellij.openapi.actionSystem.ex.ComboBoxAction$ComboBoxButton.<init>(ComboBoxAction.java:152)
2026-04-13 19:08:19,408 [   9628]   INFO - STDERR - 	at com.intellij.util.ui.tree.PerFileConfigurableBase$PerFileConfigurableComboBoxAction$1.<init>(PerFileConfigurableBase.java:882)
2026-04-13 19:08:19,408 [   9628]   INFO - STDERR - 	at com.intellij.util.ui.tree.PerFileConfigurableBase$PerFileConfigurableComboBoxAction.createComboBoxButton(PerFileConfigurableBase.java:882)
2026-04-13 19:08:19,408 [   9628]   INFO - STDERR - 	at com.intellij.openapi.actionSystem.ex.ComboBoxAction.createCustomComponent(ComboBoxAction.java:86)
2026-04-13 19:08:19,408 [   9628]   INFO - STDERR - 	at com.intellij.util.ui.tree.PerFileConfigurableBase.createActionPanel(PerFileConfigurableBase.java:614)
2026-04-13 19:08:19,408 [   9628]   INFO - STDERR - 	at com.intellij.util.ui.tree.PerFileConfigurableBase.createActionPanel(PerFileConfigurableBase.java:610)
2026-04-13 19:08:19,409 [   9629]   INFO - STDERR - 	at com.intellij.openapi.vfs.encoding.FileEncodingConfigurable.createComponent(FileEncodingConfigurable.java:163)
2026-04-13 19:08:19,409 [   9629]   INFO - STDERR - 	at com.intellij.openapi.options.ex.ConfigurableWrapper.createComponent(ConfigurableWrapper.java:169)
2026-04-13 19:08:19,409 [   9629]   INFO - STDERR - 	at com.intellij.ide.ui.search.SearchUtil.processConfigurables(SearchUtil.java:75)
2026-04-13 19:08:19,409 [   9629]   INFO - STDERR - 	at com.intellij.ide.ui.search.TraverseUIStarter.lambda$startup$0(TraverseUIStarter.java:120)
2026-04-13 19:08:19,409 [   9629]   INFO - STDERR - 	at java.desktop/java.awt.event.InvocationEvent.dispatch(InvocationEvent.java:308)
2026-04-13 19:08:19,409 [   9629]   INFO - STDERR - 	at java.desktop/java.awt.EventQueue.dispatchEventImpl(EventQueue.java:779)
2026-04-13 19:08:19,409 [   9629]   INFO - STDERR - 	at java.desktop/java.awt.EventQueue$4.run(EventQueue.java:730)
2026-04-13 19:08:19,410 [   9630]   INFO - STDERR - 	at java.desktop/java.awt.EventQueue$4.run(EventQueue.java:724)
2026-04-13 19:08:19,410 [   9630]   INFO - STDERR - 	at java.base/java.security.AccessController.doPrivileged(AccessController.java:399)
2026-04-13 19:08:19,410 [   9630]   INFO - STDERR - 	at java.base/java.security.ProtectionDomain$JavaSecurityAccessImpl.doIntersectionPrivilege(ProtectionDomain.java:86)
2026-04-13 19:08:19,410 [   9630]   INFO - STDERR - 	at java.desktop/java.awt.EventQueue.dispatchEvent(EventQueue.java:749)
2026-04-13 19:08:19,410 [   9630]   INFO - STDERR - 	at com.intellij.ide.IdeEventQueue.defaultDispatchEvent(IdeEventQueue.java:909)
2026-04-13 19:08:19,410 [   9630]   INFO - STDERR - 	at com.intellij.ide.IdeEventQueue._dispatchEvent(IdeEventQueue.java:756)
2026-04-13 19:08:19,410 [   9630]   INFO - STDERR - 	at com.intellij.ide.IdeEventQueue.lambda$dispatchEvent$5(IdeEventQueue.java:437)
2026-04-13 19:08:19,410 [   9630]   INFO - STDERR - 	at com.intellij.openapi.progress.impl.CoreProgressManager.computePrioritized(CoreProgressManager.java:772)
2026-04-13 19:08:19,410 [   9630]   INFO - STDERR - 	at com.intellij.ide.IdeEventQueue.lambda$dispatchEvent$6(IdeEventQueue.java:436)
2026-04-13 19:08:19,410 [   9630]   INFO - STDERR - 	at com.intellij.openapi.application.TransactionGuardImpl.performActivity(TransactionGuardImpl.java:105)
2026-04-13 19:08:19,410 [   9630]   INFO - STDERR - 	at com.intellij.ide.IdeEventQueue.performActivity(IdeEventQueue.java:615)
2026-04-13 19:08:19,410 [   9630]   INFO - STDERR - 	at com.intellij.ide.IdeEventQueue.lambda$dispatchEvent$7(IdeEventQueue.java:434)
2026-04-13 19:08:19,410 [   9630]   INFO - STDERR - 	at com.intellij.openapi.application.impl.ApplicationImpl.runIntendedWriteActionOnCurrentThread(ApplicationImpl.java:813)
2026-04-13 19:08:19,410 [   9630]   INFO - STDERR - 	at com.intellij.ide.IdeEventQueue.dispatchEvent(IdeEventQueue.java:480)
2026-04-13 19:08:19,410 [   9630]   INFO - STDERR - 	at java.desktop/java.awt.EventDispatchThread.pumpOneEventForFilters(EventDispatchThread.java:207)
2026-04-13 19:08:19,410 [   9630]   INFO - STDERR - 	at java.desktop/java.awt.EventDispatchThread.pumpEventsForFilter(EventDispatchThread.java:128)
2026-04-13 19:08:19,410 [   9630]   INFO - STDERR - 	at java.desktop/java.awt.EventDispatchThread.pumpEventsForHierarchy(EventDispatchThread.java:117)
2026-04-13 19:08:19,410 [   9630]   INFO - STDERR - 	at java.desktop/java.awt.EventDispatchThread.pumpEvents(EventDispatchThread.java:113)
2026-04-13 19:08:19,410 [   9630]   INFO - STDERR - 	at java.desktop/java.awt.EventDispatchThread.pumpEvents(EventDispatchThread.java:105)
2026-04-13 19:08:19,410 [   9630]   INFO - STDERR - 	at java.desktop/java.awt.EventDispatchThread.run(EventDispatchThread.java:92)
2026-04-13 19:08:19,520 [   9740]   WARN - JetBrains UI DSL - Unsupported labeled component: com.intellij.ui.components.JBList
2026-04-13 19:08:20,259 [  10479]   WARN - #c.i.u.j.JBCefApp - JCEF is manually disabled in headless env via 'ide.browser.jcef.headless.enabled=false'
2026-04-13 19:08:20,263 [  10483]   INFO - #org.intellij.plugins.markdown.settings.MarkdownSettings - Migrating Markdown settings
2026-04-13 19:08:21,141 [  11361]   INFO - STDOUT - Found 217 configurables
2026-04-13 19:08:22,517 [  12737]   INFO - STDOUT - Output written to /Users/vadim/code/metricstree_cli/build/searchableOptions/devkit.jar!/search/devkit.jar!.searchableOptions.xml
2026-04-13 19:08:22,519 [  12739]   INFO - STDOUT - Output written to /Users/vadim/code/metricstree_cli/build/searchableOptions/platform-statistics-devkit.jar/search/platform-statistics-devkit.jar.searchableOptions.xml
2026-04-13 19:08:22,519 [  12739]   INFO - STDOUT - Output written to /Users/vadim/code/metricstree_cli/build/searchableOptions/textmate.jar/search/textmate.jar.searchableOptions.xml
2026-04-13 19:08:22,522 [  12742]   INFO - STDOUT - Output written to /Users/vadim/code/metricstree_cli/build/searchableOptions/markdown.jar/search/markdown.jar.searchableOptions.xml
2026-04-13 19:08:22,523 [  12743]   INFO - STDOUT - Output written to /Users/vadim/code/metricstree_cli/build/searchableOptions/eclipse.jar/search/eclipse.jar.searchableOptions.xml
2026-04-13 19:08:22,523 [  12743]   INFO - STDOUT - Output written to /Users/vadim/code/metricstree_cli/build/searchableOptions/tasks-core.jar/search/tasks-core.jar.searchableOptions.xml
2026-04-13 19:08:22,524 [  12744]   INFO - STDOUT - Output written to /Users/vadim/code/metricstree_cli/build/searchableOptions/sh.jar/search/sh.jar.searchableOptions.xml
2026-04-13 19:08:22,524 [  12744]   INFO - STDOUT - Output written to /Users/vadim/code/metricstree_cli/build/searchableOptions/cwm-host-unattended.jar/search/cwm-host-unattended.jar.searchableOptions.xml
2026-04-13 19:08:22,524 [  12744]   INFO - STDOUT - Output written to /Users/vadim/code/metricstree_cli/build/searchableOptions/java-coverage.jar/search/java-coverage.jar.searchableOptions.xml
2026-04-13 19:08:22,525 [  12745]   INFO - STDOUT - Output written to /Users/vadim/code/metricstree_cli/build/searchableOptions/devkit.jar/search/devkit.jar.searchableOptions.xml
2026-04-13 19:08:22,525 [  12745]   INFO - STDOUT - Output written to /Users/vadim/code/metricstree_cli/build/searchableOptions/java-impl.jar!/search/java-impl.jar!.searchableOptions.xml
2026-04-13 19:08:22,526 [  12746]   INFO - STDOUT - Output written to /Users/vadim/code/metricstree_cli/build/searchableOptions/javaFX.jar!/search/javaFX.jar!.searchableOptions.xml
2026-04-13 19:08:22,526 [  12746]   INFO - STDOUT - Output written to /Users/vadim/code/metricstree_cli/build/searchableOptions/searchEverywhereMl.jar/search/searchEverywhereMl.jar.searchableOptions.xml
2026-04-13 19:08:22,526 [  12746]   INFO - STDOUT - Output written to /Users/vadim/code/metricstree_cli/build/searchableOptions/idea-junit.jar!/search/idea-junit.jar!.searchableOptions.xml
2026-04-13 19:08:22,529 [  12749]   INFO - STDOUT - Output written to /Users/vadim/code/metricstree_cli/build/searchableOptions/uiDesigner.jar/search/uiDesigner.jar.searchableOptions.xml
2026-04-13 19:08:22,529 [  12749]   INFO - STDOUT - Output written to /Users/vadim/code/metricstree_cli/build/searchableOptions/javaFX.jar/search/javaFX.jar.searchableOptions.xml
2026-04-13 19:08:22,530 [  12750]   INFO - STDOUT - Output written to /Users/vadim/code/metricstree_cli/build/searchableOptions/dev.jar/search/dev.jar.searchableOptions.xml
2026-04-13 19:08:22,530 [  12750]   INFO - STDOUT - Output written to /Users/vadim/code/metricstree_cli/build/searchableOptions/space.jar/search/space.jar.searchableOptions.xml
2026-04-13 19:08:22,530 [  12750]   INFO - STDOUT - Output written to /Users/vadim/code/metricstree_cli/build/searchableOptions/cwm-plugin-terminal.jar/search/cwm-plugin-terminal.jar.searchableOptions.xml
2026-04-13 19:08:22,531 [  12751]   INFO - STDOUT - Output written to /Users/vadim/code/metricstree_cli/build/searchableOptions/vcs-svn.jar/search/vcs-svn.jar.searchableOptions.xml
2026-04-13 19:08:22,532 [  12752]   INFO - STDOUT - Output written to /Users/vadim/code/metricstree_cli/build/searchableOptions/byteCodeViewer.jar/search/byteCodeViewer.jar.searchableOptions.xml
2026-04-13 19:08:22,532 [  12752]   INFO - STDOUT - Output written to /Users/vadim/code/metricstree_cli/build/searchableOptions/testng-plugin.jar!/search/testng-plugin.jar!.searchableOptions.xml
2026-04-13 19:08:22,532 [  12752]   INFO - STDOUT - Output written to /Users/vadim/code/metricstree_cli/build/searchableOptions/android.jar!/search/android.jar!.searchableOptions.xml
2026-04-13 19:08:22,532 [  12752]   INFO - STDOUT - Output written to /Users/vadim/code/metricstree_cli/build/searchableOptions/marketplace.jar/search/marketplace.jar.searchableOptions.xml
2026-04-13 19:08:22,535 [  12755]   INFO - STDOUT - Output written to /Users/vadim/code/metricstree_cli/build/searchableOptions/maven.jar/search/maven.jar.searchableOptions.xml
2026-04-13 19:08:22,535 [  12755]   INFO - STDOUT - Output written to /Users/vadim/code/metricstree_cli/build/searchableOptions/copyright.jar/search/copyright.jar.searchableOptions.xml
2026-04-13 19:08:22,536 [  12756]   INFO - STDOUT - Output written to /Users/vadim/code/metricstree_cli/build/searchableOptions/maven.jar!/search/maven.jar!.searchableOptions.xml
2026-04-13 19:08:22,537 [  12757]   INFO - STDOUT - Output written to /Users/vadim/code/metricstree_cli/build/searchableOptions/Groovy.jar/search/Groovy.jar.searchableOptions.xml
2026-04-13 19:08:22,538 [  12758]   INFO - STDOUT - Output written to /Users/vadim/code/metricstree_cli/build/searchableOptions/terminal.jar/search/terminal.jar.searchableOptions.xml
2026-04-13 19:08:22,538 [  12758]   INFO - STDOUT - Output written to /Users/vadim/code/metricstree_cli/build/searchableOptions/antIntegration.jar/search/antIntegration.jar.searchableOptions.xml
2026-04-13 19:08:22,539 [  12759]   INFO - STDOUT - Output written to /Users/vadim/code/metricstree_cli/build/searchableOptions/gradle-java.jar/search/gradle-java.jar.searchableOptions.xml
2026-04-13 19:08:22,539 [  12759]   INFO - STDOUT - Output written to /Users/vadim/code/metricstree_cli/build/searchableOptions/platform-structuralSearch.jar/search/platform-structuralSearch.jar.searchableOptions.xml
2026-04-13 19:08:22,539 [  12759]   INFO - STDOUT - Output written to /Users/vadim/code/metricstree_cli/build/searchableOptions/properties.jar/search/properties.jar.searchableOptions.xml
2026-04-13 19:08:22,543 [  12763]   INFO - STDOUT - Output written to /Users/vadim/code/metricstree_cli/build/searchableOptions/java-impl.jar/search/java-impl.jar.searchableOptions.xml
2026-04-13 19:08:22,544 [  12764]   INFO - STDOUT - Output written to /Users/vadim/code/metricstree_cli/build/searchableOptions/adt-ui.jar/search/adt-ui.jar.searchableOptions.xml
2026-04-13 19:08:22,544 [  12764]   INFO - STDOUT - Output written to /Users/vadim/code/metricstree_cli/build/searchableOptions/vcs-perforce.jar/search/vcs-perforce.jar.searchableOptions.xml
2026-04-13 19:08:22,545 [  12765]   INFO - STDOUT - Output written to /Users/vadim/code/metricstree_cli/build/searchableOptions/java-debugger-streams.jar/search/java-debugger-streams.jar.searchableOptions.xml
2026-04-13 19:08:22,545 [  12765]   INFO - STDOUT - Output written to /Users/vadim/code/metricstree_cli/build/searchableOptions/gradle.jar/search/gradle.jar.searchableOptions.xml
2026-04-13 19:08:22,545 [  12765]   INFO - STDOUT - Output written to /Users/vadim/code/metricstree_cli/build/searchableOptions/testng-plugin.jar/search/testng-plugin.jar.searchableOptions.xml
2026-04-13 19:08:22,545 [  12765]   INFO - STDOUT - Output written to /Users/vadim/code/metricstree_cli/build/searchableOptions/grazie.jar/search/grazie.jar.searchableOptions.xml
2026-04-13 19:08:22,546 [  12766]   INFO - STDOUT - Output written to /Users/vadim/code/metricstree_cli/build/searchableOptions/qodana.jar/search/qodana.jar.searchableOptions.xml
2026-04-13 19:08:22,553 [  12773]   INFO - STDOUT - Output written to /Users/vadim/code/metricstree_cli/build/searchableOptions/app.jar/search/app.jar.searchableOptions.xml
2026-04-13 19:08:22,554 [  12774]   INFO - STDOUT - Output written to /Users/vadim/code/metricstree_cli/build/searchableOptions/android.jar/search/android.jar.searchableOptions.xml
2026-04-13 19:08:22,555 [  12775]   INFO - STDOUT - Output written to /Users/vadim/code/metricstree_cli/build/searchableOptions/completionMlRanking.jar/search/completionMlRanking.jar.searchableOptions.xml
2026-04-13 19:08:22,555 [  12775]   INFO - STDOUT - Output written to /Users/vadim/code/metricstree_cli/build/searchableOptions/java-decompiler.jar/search/java-decompiler.jar.searchableOptions.xml
2026-04-13 19:08:22,556 [  12776]   INFO - STDOUT - Output written to /Users/vadim/code/metricstree_cli/build/searchableOptions/vcs-hg.jar/search/vcs-hg.jar.searchableOptions.xml
2026-04-13 19:08:22,556 [  12776]   INFO - STDOUT - Output written to /Users/vadim/code/metricstree_cli/build/searchableOptions/xpath.jar/search/xpath.jar.searchableOptions.xml
2026-04-13 19:08:22,556 [  12776]   INFO - STDOUT - Output written to /Users/vadim/code/metricstree_cli/build/searchableOptions/packageSearch.jar/search/packageSearch.jar.searchableOptions.xml
2026-04-13 19:08:22,557 [  12777]   INFO - STDOUT - Output written to /Users/vadim/code/metricstree_cli/build/searchableOptions/cwm-common.jar/search/cwm-common.jar.searchableOptions.xml
2026-04-13 19:08:22,557 [  12777]   INFO - STDOUT - Output written to /Users/vadim/code/metricstree_cli/build/searchableOptions/java-i18n.jar/search/java-i18n.jar.searchableOptions.xml
2026-04-13 19:08:22,557 [  12777]   INFO - STDOUT - Output written to /Users/vadim/code/metricstree_cli/build/searchableOptions/Groovy.jar!/search/Groovy.jar!.searchableOptions.xml
2026-04-13 19:08:22,557 [  12777]   INFO - STDOUT - Output written to /Users/vadim/code/metricstree_cli/build/searchableOptions/emojipicker.jar/search/emojipicker.jar.searchableOptions.xml
2026-04-13 19:08:22,558 [  12778]   INFO - STDOUT - Output written to /Users/vadim/code/metricstree_cli/build/searchableOptions/toml.jar/search/toml.jar.searchableOptions.xml
2026-04-13 19:08:22,558 [  12778]   INFO - STDOUT - Output written to /Users/vadim/code/metricstree_cli/build/searchableOptions/xml-dom.jar/search/xml-dom.jar.searchableOptions.xml
2026-04-13 19:08:22,558 [  12778]   INFO - STDOUT - Output written to /Users/vadim/code/metricstree_cli/build/searchableOptions/idea-junit.jar/search/idea-junit.jar.searchableOptions.xml
2026-04-13 19:08:22,558 [  12778]   INFO - STDOUT - Output written to /Users/vadim/code/metricstree_cli/build/searchableOptions/yaml.jar/search/yaml.jar.searchableOptions.xml
2026-04-13 19:08:22,559 [  12779]   INFO - STDOUT - Output written to /Users/vadim/code/metricstree_cli/build/searchableOptions/platform-tracing-ide.jar/search/platform-tracing-ide.jar.searchableOptions.xml
2026-04-13 19:08:22,559 [  12779]   INFO - STDOUT - Output written to /Users/vadim/code/metricstree_cli/build/searchableOptions/editorconfig.jar/search/editorconfig.jar.searchableOptions.xml
2026-04-13 19:08:22,560 [  12780]   INFO - STDOUT - Output written to /Users/vadim/code/metricstree_cli/build/searchableOptions/vcs-github.jar/search/vcs-github.jar.searchableOptions.xml
2026-04-13 19:08:22,560 [  12780]   INFO - STDOUT - Output written to /Users/vadim/code/metricstree_cli/build/searchableOptions/lombok.jar/search/lombok.jar.searchableOptions.xml
2026-04-13 19:08:22,560 [  12780]   INFO - STDOUT - Output written to /Users/vadim/code/metricstree_cli/build/searchableOptions/platform-images.jar/search/platform-images.jar.searchableOptions.xml
2026-04-13 19:08:22,561 [  12781]   INFO - STDOUT - Output written to /Users/vadim/code/metricstree_cli/build/searchableOptions/vcs-git.jar/search/vcs-git.jar.searchableOptions.xml
2026-04-13 19:08:22,562 [  12782]   INFO - STDOUT - Output written to /Users/vadim/code/metricstree_cli/build/searchableOptions/kotlin-plugin.jar/search/kotlin-plugin.jar.searchableOptions.xml
2026-04-13 19:08:22,562 [  12782]   INFO - STDOUT - Output written to /Users/vadim/code/metricstree_cli/build/searchableOptions/indexing-shared.jar/search/indexing-shared.jar.searchableOptions.xml
2026-04-13 19:08:22,563 [  12783]   INFO - STDOUT - Output written to /Users/vadim/code/metricstree_cli/build/searchableOptions/featuresTrainer.jar/search/featuresTrainer.jar.searchableOptions.xml
2026-04-13 19:08:22,563 [  12783]   INFO - STDOUT - Output written to /Users/vadim/code/metricstree_cli/build/searchableOptions/design-tools.jar/search/design-tools.jar.searchableOptions.xml
2026-04-13 19:08:22,563 [  12783]   INFO - STDOUT - Output written to /Users/vadim/code/metricstree_cli/build/searchableOptions/kotlin-plugin.jar!/search/kotlin-plugin.jar!.searchableOptions.xml
2026-04-13 19:08:22,563 [  12783]   INFO - STDOUT - Output written to /Users/vadim/code/metricstree_cli/build/searchableOptions/cwm-host.jar/search/cwm-host.jar.searchableOptions.xml
2026-04-13 19:08:22,563 [  12783]   INFO - STDOUT - Output written to /Users/vadim/code/metricstree_cli/build/searchableOptions/gradle-java-maven.jar/search/gradle-java-maven.jar.searchableOptions.xml
2026-04-13 19:08:22,564 [  12784]   INFO - STDOUT - Output written to /Users/vadim/code/metricstree_cli/build/searchableOptions/settingsSync.jar/search/settingsSync.jar.searchableOptions.xml
2026-04-13 19:08:22,564 [  12784]   INFO - STDOUT - Searchable options index builder completed
2026-04-13 19:08:22,583 [  12803]   INFO - #o.j.i.BuiltInServer - web server stopped
2026-04-13 19:08:22,595 [  12815]   INFO - #c.i.u.i.FileBasedIndexImpl - START INDEX SHUTDOWN
2026-04-13 19:08:22,691 [  12911]   INFO - #c.i.p.s.StubIndexImpl - StubIndexExtension-s were unloaded
2026-04-13 19:08:22,691 [  12911]   INFO - #c.i.p.s.SerializationManagerImpl - Start shutting down /Users/vadim/code/metricstree_cli/build/idea-sandbox/system/index/rep.names
2026-04-13 19:08:22,694 [  12914]   INFO - #c.i.p.s.SerializationManagerImpl - Finished shutting down /Users/vadim/code/metricstree_cli/build/idea-sandbox/system/index/rep.names
2026-04-13 19:08:22,696 [  12916]   INFO - #c.i.u.i.FileBasedIndexImpl - END INDEX SHUTDOWN
2026-04-13 19:08:22,786 [  13006]   INFO - #c.i.o.v.n.p.PersistentFSImpl - VFS dispose started
2026-04-13 19:08:22,789 [  13009]   INFO - #c.i.o.v.n.p.PersistentFSImpl - VFS dispose completed
2026-04-13 19:08:22,789 [  13009]   INFO - #c.i.o.f.i.FileTypeDetectionService - 0 auto-detected files. Detection took 0 ms
2026-04-13 19:20:59,616 [      4]   INFO - #c.i.i.AppStarter - ------------------------------------------------------ IDE STARTED ------------------------------------------------------
2026-04-13 19:20:59,617 [      5]   INFO - #c.i.i.p.PluginManager - Using broken plugins file from IDE distribution
2026-04-13 19:20:59,654 [     42]   INFO - #c.i.i.AppStarter - JNA library (64-bit) loaded in 29 ms
2026-04-13 19:20:59,695 [     83]   INFO - #c.i.i.AppStarter - IDE: IntelliJ IDEA (build #IC-223.8214.52, 20 Dec 2022 14:24)
2026-04-13 19:20:59,696 [     84]   INFO - #c.i.i.AppStarter - OS: Mac OS X (26.4.1, aarch64)
2026-04-13 19:20:59,698 [     86]   INFO - #c.i.i.AppStarter - JRE: 17.0.5+1-b653.23 (JetBrains s.r.o.)
2026-04-13 19:20:59,698 [     86]   INFO - #c.i.i.AppStarter - JVM: 17.0.5+1-b653.23 (OpenJDK 64-Bit Server VM)
2026-04-13 19:20:59,718 [    106]   INFO - #c.i.i.AppStarter - PID: 35690
2026-04-13 19:20:59,720 [    108]   INFO - #c.i.i.AppStarter - JVM options: [-Dapple.awt.fileDialogForDirectories=true, -Dapple.laf.useScreenMenuBar=true, -Didea.auto.reload.plugins=true, -Didea.classpath.index.enabled=false, -Didea.config.path=/Users/vadim/code/metricstree_cli/build/idea-sandbox/config, -Didea.is.internal=true, -Didea.log.path=/Users/vadim/code/metricstree_cli/build/idea-sandbox/system/log, -Didea.paths.selector=IdeaIC2022.3, -Didea.platform.prefix=Idea, -Didea.plugin.in.sandbox.mode=true, -Didea.plugins.path=/Users/vadim/code/metricstree_cli/build/idea-sandbox/plugins, -Didea.required.plugins.id, -Didea.smooth.progress=false, -Didea.system.path=/Users/vadim/code/metricstree_cli/build/idea-sandbox/system, -Didea.vendor.name=JetBrains, -Djava.system.class.loader=com.intellij.util.lang.PathClassLoader, -Djbr.catch.SIGABRT=true, -Djdk.attach.allowAttachSelf=true, -Djdk.http.auth.tunneling.disabledSchemes="", -Djdk.module.illegalAccess.silent=true, -Djna.boot.library.path=/Users/vadim/.gradle/caches/modules-2/files-2.1/com.jetbrains.intellij.idea/ideaIC/223.8214.52/2a2986db4e11c3d378b4d1c8b9fd040cd6d99802/ideaIC-223.8214.52/lib/jna/aarch64, -Djna.noclasspath=true, -Djna.nosys=true, -Dpty4j.preferred.native.folder=/Users/vadim/.gradle/caches/modules-2/files-2.1/com.jetbrains.intellij.idea/ideaIC/223.8214.52/2a2986db4e11c3d378b4d1c8b9fd040cd6d99802/ideaIC-223.8214.52/lib/pty4j, -Dsplash=true, -Dsun.io.useCanonCaches=false, -Dsun.java2d.metal=true, -XX:ReservedCodeCacheSize=512m, -XX:+UseG1GC, -XX:SoftRefLRUPolicyMSPerMB=50, -XX:CICompilerCount=2, -XX:+HeapDumpOnOutOfMemoryError, -XX:-OmitStackTraceInFastThrow, -XX:+IgnoreUnrecognizedVMOptions, -XX:CompileCommand=exclude,com/intellij/openapi/vfs/impl/FilePartNodeRoot,trieDescend, -XX:ErrorFile=$USER_HOME/java_error_in_idea_%p.log, -XX:HeapDumpPath=$USER_HOME/java_error_in_idea.hprof, -javaagent:/Users/vadim/code/metricstree_cli/build/tmp/initializeIntelliJPlugin/coroutines-javaagent.jar, --add-opens=java.base/java.io=ALL-UNNAMED, --add-opens=java.base/java.lang=ALL-UNNAMED, --add-opens=java.base/java.lang.ref=ALL-UNNAMED, --add-opens=java.base/java.lang.reflect=ALL-UNNAMED, --add-opens=java.base/java.net=ALL-UNNAMED, --add-opens=java.base/java.nio=ALL-UNNAMED, --add-opens=java.base/java.nio.charset=ALL-UNNAMED, --add-opens=java.base/java.text=ALL-UNNAMED, --add-opens=java.base/java.time=ALL-UNNAMED, --add-opens=java.base/java.util=ALL-UNNAMED, --add-opens=java.base/java.util.concurrent=ALL-UNNAMED, --add-opens=java.base/java.util.concurrent.atomic=ALL-UNNAMED, --add-opens=java.base/jdk.internal.vm=ALL-UNNAMED, --add-opens=java.base/sun.nio.ch=ALL-UNNAMED, --add-opens=java.base/sun.nio.fs=ALL-UNNAMED, --add-opens=java.base/sun.security.ssl=ALL-UNNAMED, --add-opens=java.base/sun.security.util=ALL-UNNAMED, --add-opens=java.desktop/com.apple.eawt=ALL-UNNAMED, --add-opens=java.desktop/com.apple.eawt.event=ALL-UNNAMED, --add-opens=java.desktop/com.apple.laf=ALL-UNNAMED, --add-opens=java.desktop/java.awt=ALL-UNNAMED, --add-opens=java.desktop/java.awt.dnd.peer=ALL-UNNAMED, --add-opens=java.desktop/java.awt.event=ALL-UNNAMED, --add-opens=java.desktop/java.awt.image=ALL-UNNAMED, --add-opens=java.desktop/java.awt.peer=ALL-UNNAMED, --add-opens=java.desktop/java.awt.font=ALL-UNNAMED, --add-opens=java.desktop/javax.swing=ALL-UNNAMED, --add-opens=java.desktop/javax.swing.plaf.basic=ALL-UNNAMED, --add-opens=java.desktop/javax.swing.text.html=ALL-UNNAMED, --add-opens=java.desktop/sun.awt.datatransfer=ALL-UNNAMED, --add-opens=java.desktop/sun.awt.image=ALL-UNNAMED, --add-opens=java.desktop/sun.awt=ALL-UNNAMED, --add-opens=java.desktop/sun.font=ALL-UNNAMED, --add-opens=java.desktop/sun.java2d=ALL-UNNAMED, --add-opens=java.desktop/sun.lwawt=ALL-UNNAMED, --add-opens=java.desktop/sun.lwawt.macosx=ALL-UNNAMED, --add-opens=java.desktop/sun.swing=ALL-UNNAMED, --add-opens=jdk.attach/sun.tools.attach=ALL-UNNAMED, --add-opens=jdk.compiler/com.sun.tools.javac.api=ALL-UNNAMED, --add-opens=jdk.internal.jvmstat/sun.jvmstat.monitor=ALL-UNNAMED, --add-opens=jdk.jdi/com.sun.tools.jdi=ALL-UNNAMED, -Xms128m, -Xmx750m, -Dfile.encoding=UTF-8, -Duser.country=RU, -Duser.language=ru, -Duser.variant, -ea]
2026-04-13 19:20:59,721 [    109]   INFO - #c.i.i.AppStarter - args: traverseUI /Users/vadim/code/metricstree_cli/build/searchableOptions true
2026-04-13 19:20:59,721 [    109]   INFO - #c.i.i.AppStarter - library path: /Users/vadim/Library/Java/Extensions:/Library/Java/Extensions:/Network/Library/Java/Extensions:/System/Library/Java/Extensions:/usr/lib/java:.
2026-04-13 19:20:59,721 [    109]   INFO - #c.i.i.AppStarter - boot library path: /Users/vadim/.gradle/caches/modules-2/files-2.1/com.jetbrains/jbre/jbr_jcef-17.0.5-osx-aarch64-b653.23/extracted/jbr_jcef-17.0.5-osx-aarch64-b653.23/Contents/Home/lib
2026-04-13 19:20:59,730 [    118]   INFO - #c.i.i.p.PluginManager - Plugin PluginDescriptor(name=Groovy, id=org.intellij.groovy, descriptorPath=plugin.xml, path=~/.gradle/caches/modules-2/files-2.1/com.jetbrains.intellij.idea/ideaIC/223.8214.52/2a2986db4e11c3d378b4d1c8b9fd040cd6d99802/ideaIC-223.8214.52/plugins/Groovy, version=223.8214.52, package=org.jetbrains.plugins.groovy, isBundled=true) misses optional descriptor duplicates-groovy.xml
2026-04-13 19:20:59,731 [    119]   INFO - #c.i.i.p.PluginManager - Plugin PluginDescriptor(name=Groovy, id=org.intellij.groovy, descriptorPath=plugin.xml, path=~/.gradle/caches/modules-2/files-2.1/com.jetbrains.intellij.idea/ideaIC/223.8214.52/2a2986db4e11c3d378b4d1c8b9fd040cd6d99802/ideaIC-223.8214.52/plugins/Groovy, version=223.8214.52, package=org.jetbrains.plugins.groovy, isBundled=true) misses optional descriptor duplicates-detection-groovy.xml
2026-04-13 19:20:59,787 [    175]   INFO - #c.i.i.p.PluginManager - Plugin PluginDescriptor(name=Kotlin, id=org.jetbrains.kotlin, descriptorPath=plugin.xml, path=~/.gradle/caches/modules-2/files-2.1/com.jetbrains.intellij.idea/ideaIC/223.8214.52/2a2986db4e11c3d378b4d1c8b9fd040cd6d99802/ideaIC-223.8214.52/plugins/Kotlin, version=223-1.7.21-release-272-IJ8214.52, package=org.jetbrains.kotlin, isBundled=true) misses optional descriptor performance-plugin.xml
2026-04-13 19:20:59,795 [    183]   INFO - #c.i.i.AppStarter - locale=ru_RU JNU=UTF-8 file.encoding=UTF-8
  idea.config.path=/Users/vadim/code/metricstree_cli/build/idea-sandbox/config
  idea.system.path=/Users/vadim/code/metricstree_cli/build/idea-sandbox/system
  idea.plugins.path=/Users/vadim/code/metricstree_cli/build/idea-sandbox/plugins
  idea.log.path=/Users/vadim/code/metricstree_cli/build/idea-sandbox/system/log
2026-04-13 19:20:59,806 [    194]   INFO - #c.i.i.AppStarter - CPU cores: 8; ForkJoinPool.commonPool: java.util.concurrent.ForkJoinPool@7e9705a8[Running, parallelism = 8, size = 0, active = 0, running = 0, steals = 0, tasks = 0, submissions = 0]; factory: com.intellij.concurrency.IdeaForkJoinWorkerThreadFactory@63216071
2026-04-13 19:20:59,858 [    246]   INFO - #c.i.i.p.PluginManager - Module intellij.sh.python is not enabled because dependency com.intellij.modules.python is not available
Module intellij.space.gateway is not enabled because dependency com.jetbrains.gateway is not available
Module intellij.space.php is not enabled because dependency com.jetbrains.php is not available
Module intellij.space.index is not enabled because dependency intellij.indexing.shared is not available
2026-04-13 19:21:01,595 [   1983]   INFO - #JetprofileSource - License not found
2026-04-13 19:21:02,055 [   2443]   INFO - #c.i.i.p.ExpiredPluginsState - Plugins to skip: []
2026-04-13 19:21:02,195 [   2583]   WARN - #c.i.u.n.s.ConfirmingTrustManager - Received an empty list of custom trusted root certificates from the system. Check log above for possible errors, enable debug logging in category 'org.jetbrains.nativecerts' for more information
2026-04-13 19:21:02,243 [   2631]   INFO - #c.i.u.n.s.CertificateManager - Default SSL context initialized
2026-04-13 19:21:02,257 [   2645]   INFO - #c.i.o.v.n.p.PersistentFSConnector - VFS uses strict names enumerator
2026-04-13 19:21:02,289 [   2677]   INFO - #c.i.a.o.PathMacrosImpl - Loaded path macros: {MAVEN_REPOSITORY=/Users/vadim/.m2/repository}
2026-04-13 19:21:02,295 [   2683]   INFO - #o.j.i.BuiltInServerManager - built-in server started, port 63343
2026-04-13 19:21:02,312 [   2700]   INFO - #c.i.o.v.n.p.PersistentFSConnector - VFS uses regular attributes storage
2026-04-13 19:21:02,323 [   2711]   INFO - #com.android.tools.idea.serverflags.ServerFlagInitializer - Enabled server flags: 
2026-04-13 19:21:02,324 [   2712]   INFO - #c.i.o.v.n.p.FSRecords - using REGULAR storage for VFS records
2026-04-13 19:21:02,336 [   2724]   INFO - #c.i.o.v.n.p.PersistentFSConnector - 6 ms to load free records and inverted name index
2026-04-13 19:21:02,528 [   2916]   INFO - #c.i.i.p.PluginManager - Loaded bundled plugins: Code With Me (223.8214.52), Ant (223.8214.52), Images (223.8214.52), Toml (223.8214.52), Java IDE Customization (223.8214.52), Projector Libraries for Code With Me and Remote Development (223.8214.52), Grazie (223.8214.52), Gradle Dependency Updater Implementation (223.8214.52), JetBrains maven model api classes (223.8214.52), Perforce Helix Core (223.8214.52), YAML (223.8214.52), com.intellij.tracing.ide (223.8214.52), Space (223.8214.52), Gradle-Maven (223.8214.52), Shared Indexes (223.8214.52), IDEA CORE (223.8214.52), Eclipse Interoperability (223.8214.52), Gradle DSL API (223.8214.52), Machine Learning Code Completion (223.8214.52), Windows 10 Light Theme (223.8214.52), Gradle (223.8214.52), Configuration Script (223.8214.52), Emoji Picker (223.8214.52), GitHub (223.8214.52), Smali Support (223.8214.52), Eclipse Keymap (223.8214.52), TestNG (223.8214.52), Java Bytecode Decompiler (223.8214.52), Mercurial (223.8214.52), Android (2022.1.1 Beta 2.223.8214.52), WebP Support (223.8214.52), Maven server api classes (223.8214.52), Java Stream Debugger (223.8214.52), Copyright (223.8214.52), Visual Studio Keymap (223.8214.52), Groovy (223.8214.52), Qodana (223.8214.52), Java (223.8214.52), macOS Light Theme (223.8214.52), Plugin DevKit (223.8214.52), Settings Sync (223.8214.52), JUnit (223.8214.52), Terminal (223.8214.52), TextMate Bundles (223.8214.52), IDE Features Trainer (223.8214.52), Code Coverage for Java (223.8214.52), Package Search (223.8214.52), Markdown (223.8214.52), Task Management (223.8214.52), Bytecode Viewer (223.8214.52), XPathView + XSLT (223.8214.52), XSLT Debugger (223.8214.52), Subversion (223.8214.52), UI Designer (223.8214.52), JetBrains Repository Search (223.8214.52), NetBeans Keymap (223.8214.52), Lombok (223.8214.52), JetBrains Marketplace Licensing Support (223.8214.52), IntelliLang (223.8214.52), Java Internationalization (223.8214.52), Kotlin (223-1.7.21-release-272-IJ8214.52), Properties (223.8214.52), Gradle-Java (223.8214.52), com.intellij.dev (223.8214.52), Machine Learning in Search Everywhere (223.8214.52), EditorConfig (223.8214.52), Git (223.8214.52), Maven (223.8214.52), Android Design Tools (223.8214.52), Shell Script (223.8214.52), JavaFX (223.8214.52)
2026-04-13 19:21:02,608 [   2996]   INFO - #c.i.i.s.p.i.SharedIndexMainZipStorage - Shared Indexes Storage is opened and empty
2026-04-13 19:21:02,675 [   3063]   INFO - #c.i.o.a.Experiments - Experimental features enabled for user: wsl.p9.support, wsl.prefer.p9.support, wsl.p9.show.roots.in.file.chooser, wsl.execute.with.wsl.exe, linux.native.menu, recent.and.edited.files.together, show.create.new.element.in.popup, search.everywhere.mixed.results, new.project.wizard, editor.reader.mode, new.large.text.file.viewer, terminal.shell.command.handling
2026-04-13 19:21:02,794 [   3182]   INFO - c.i.u.i.FileBasedIndexDataInitialization - Index data initialization done: 296 ms. Initialized indexes: [FilenameIndex, filetypes, DomFileIndex, Trigram.Index, TodoIndex, IdIndex, RelaxSymbolIndex, fileIncludes, html5.custom.attributes.index, FrameworkDetectionIndex, SchemaTypeInheritance, editorconfig.index.name, json.file.root.values, XmlTagNames, XmlNamespaces, yaml.keys.name, xmlProperties, java.auto.module.name, XsltSymbolIndex, java.source.module.name, IdeaPluginRegistrationIndex, bytecodeAnalysis, java.fun.expression, PluginIdDependenciesIndex, devkit.ExtensionPointClassIndex, devkit.ExtensionPointIndex, PluginIdModuleIndex, java.null.method.argument, java.binary.plus.expression, javafx.id.name, javafx.custom.component, LombokConfigIndex, ant-imports, org.jetbrains.kotlin.idea.versions.KotlinJvmMetadataVersionIndex, JavaFxControllerClassIndex, org.jetbrains.kotlin.idea.versions.KotlinJsMetadataVersionIndex, org.jetbrains.kotlin.idea.vfilefinder.KotlinMetadataFilePackageIndex, org.jetbrains.kotlin.idea.vfilefinder.KotlinJavaScriptMetaFileIndex, org.jetbrains.kotlin.idea.vfilefinder.KotlinClassFileIndex, org.jetbrains.kotlin.idea.vfilefinder.KotlinModuleMappingIndex, org.jetbrains.kotlin.idea.vfilefinder.KotlinMetadataFileIndex, org.jetbrains.kotlin.idea.vfilefinder.KotlinPartialPackageNamesIndex, org.jetbrains.kotlin.idea.vfilefinder.KotlinJvmModuleAnnotationsIndex, com.android.tools.idea.model.AndroidManifestIndex$Companion$NAME$1.NAME, org.jetbrains.kotlin.idea.vfilefinder.KotlinStdlibIndex, org.jetbrains.kotlin.idea.vfilefinder.KotlinBuiltInsMetadataIndex, org.jetbrains.kotlin.idea.vfilefinder.KlibMetaFileIndex, org.jetbrains.kotlin.idea.vfilefinder.KotlinPackageSourcesMemberNamesIndex, com.intellij.uiDesigner.FormClassIndex, BindingXmlIndex, NavXmlIndex, Stubs].
2026-04-13 19:21:02,947 [   3335]   INFO - c.i.p.s.StubIndexImpl$StubIndexInitialization - Index data initialization done: 151 ms. Initialized stub indexes: {org.jetbrains.kotlin.idea.stubindex.KotlinMultifileClassPartIndex, org.jetbrains.kotlin.idea.stubindex.KotlinTypeAliasByExpansionShortNameIndex, dom.namespaceKey, org.jetbrains.kotlin.idea.stubindex.KotlinTopLevelTypeAliasByPackageIndex, org.jetbrains.kotlin.idea.stubindex.KotlinFileFacadeClassByPackageIndex, org.jetbrains.kotlin.idea.stubindex.KotlinProbablyContractedFunctionShortNameIndex, markdown.header.anchor, java.annotations, org.jetbrains.kotlin.idea.stubindex.KotlinFileFacadeShortNameIndex, java.method.name, org.jetbrains.kotlin.idea.stubindex.KotlinProbablyNothingFunctionShortNameIndex, org.jetbrains.kotlin.idea.stubindex.KotlinTopLevelFunctionFqnNameIndex, org.jetbrains.kotlin.idea.stubindex.KotlinTopLevelExtensionsByReceiverTypeIndex, kotlin.primeIndexKey, java.method.parameter.types, org.jetbrains.kotlin.idea.stubindex.KotlinTypeAliasShortNameIndex, dom.elementClass, java.class.fqn, java.class.shortname, org.jetbrains.kotlin.idea.stubindex.KotlinAnnotationsIndex, org.jetbrains.kotlin.idea.stubindex.KotlinInnerTypeAliasClassIdIndex, gr.script.class, java.anonymous.baseref, org.jetbrains.kotlin.idea.stubindex.KotlinTopLevelClassByPackageIndex, org.jetbrains.kotlin.idea.stubindex.KotlinPropertyShortNameIndex, jvm.static.member.name, org.jetbrains.kotlin.idea.stubindex.KotlinSuperClassIndex, org.jetbrains.kotlin.idea.stubindex.KotlinScriptFqnIndex, org.jetbrains.kotlin.idea.stubindex.KotlinJvmNameAnnotationIndex, gr.class.super, gr.annot.method.name, org.jetbrains.kotlin.idea.stubindex.KotlinFileFacadeFqNameIndex, java.module.name, gr.class.fqn, gr.method.name, gr.anonymous.class, org.jetbrains.kotlin.idea.stubindex.KotlinTopLevelPropertyByPackageIndex, org.jetbrains.kotlin.idea.stubindex.KotlinOverridableInternalMembersShortNameIndex, jvm.static.member.type, org.jetbrains.kotlin.idea.stubindex.KotlinFullClassNameIndex, org.jetbrains.kotlin.idea.stubindex.KotlinExactPackagesIndex, org.jetbrains.kotlin.idea.stubindex.KotlinTopLevelFunctionByPackageIndex, org.jetbrains.kotlin.idea.stubindex.KotlinFilePartClassIndex, org.jetbrains.kotlin.idea.stubindex.KotlinProbablyNothingPropertyShortNameIndex, markdown.header, gr.script.fqn, org.jetbrains.kotlin.idea.stubindex.KotlinSubclassObjectNameIndex, org.jetbrains.kotlin.idea.stubindex.KotlinFunctionShortNameIndex, org.jetbrains.kotlin.idea.stubindex.KotlinExtensionsInObjectsByReceiverTypeIndex, org.jetbrains.kotlin.idea.stubindex.KotlinClassShortNameIndex, gr.annot.members, properties.index, org.jetbrains.kotlin.idea.stubindex.KotlinTopLevelPropertyFqnNameIndex, org.jetbrains.kotlin.idea.stubindex.KotlinTopLevelTypeAliasFqNameIndex, gr.field.name, java.field.name, java.class.extlist}.
2026-04-13 19:21:03,668 [   4056]   INFO - #c.i.o.v.i.l.NativeFileWatcherImpl - Native file watcher is disabled
2026-04-13 19:21:05,933 [   6321]   INFO - #c.i.o.a.i.NonBlockingReadActionImpl - OTel monitoring for NonBlockingReadAction is enabled
2026-04-13 19:21:08,960 [   9348]   INFO - #c.i.r.OsRegistryConfigProvider - Looking for 'lobbyServerUrl' value in [/Library/Application Support/JetBrains/CodeWithMe/lobbyServerUrl, /Library/Application Support/JetBrains/CodeWithMe/config.json, /Users/vadim/Library/Application Support/JetBrains/CodeWithMe/lobbyServerUrl, /Users/vadim/Library/Application Support/JetBrains/CodeWithMe/config.json]
2026-04-13 19:21:08,961 [   9349]   INFO - #c.i.r.OsRegistryConfigProvider - OS provided value for 'lobbyServerUrl' is not found
2026-04-13 19:21:08,964 [   9352]   INFO - #c.j.r.p.c.u.CodeWithMeSystemSettings - Setting default value='https://code-with-me.jetbrains.com'
2026-04-13 19:21:08,973 [   9361]   INFO - #c.i.r.OsRegistryConfigProvider - Looking for 'lobbyServerUrl' value in [/Library/Application Support/JetBrains/CodeWithMe/lobbyServerUrl, /Library/Application Support/JetBrains/CodeWithMe/config.json, /Users/vadim/Library/Application Support/JetBrains/CodeWithMe/lobbyServerUrl, /Users/vadim/Library/Application Support/JetBrains/CodeWithMe/config.json]
2026-04-13 19:21:08,974 [   9362]   INFO - #c.i.r.OsRegistryConfigProvider - OS provided value for 'lobbyServerUrl' is not found
2026-04-13 19:21:08,974 [   9362]   INFO - #c.j.r.p.c.u.CodeWithMeSystemSettings - Setting default value='https://code-with-me.jetbrains.com'
2026-04-13 19:21:09,852 [  10240]   INFO - STDERR - java.lang.Error: no ComponentUI class for: com.intellij.util.ui.tree.PerFileConfigurableBase$PerFileConfigurableComboBoxAction$1[,0,0,0x0,invalid,alignmentX=0.0,alignmentY=0.0,border=,flags=0,maximumSize=,minimumSize=,preferredSize=,defaultIcon=,disabledIcon=,disabledSelectedIcon=,margin=null,paintBorder=true,paintFocus=true,pressedIcon=,rolloverEnabled=false,rolloverIcon=,rolloverSelectedIcon=,selectedIcon=,text=,defaultCapable=true]
2026-04-13 19:21:09,852 [  10240]   INFO - STDERR - 	at java.desktop/javax.swing.UIDefaults.getUIError(UIDefaults.java:763)
2026-04-13 19:21:09,853 [  10241]   INFO - STDERR - 	at java.desktop/javax.swing.MultiUIDefaults.getUIError(MultiUIDefaults.java:144)
2026-04-13 19:21:09,853 [  10241]   INFO - STDERR - 	at java.desktop/javax.swing.UIDefaults.getUI(UIDefaults.java:793)
2026-04-13 19:21:09,853 [  10241]   INFO - STDERR - 	at java.desktop/javax.swing.UIManager.getUI(UIManager.java:1078)
2026-04-13 19:21:09,853 [  10241]   INFO - STDERR - 	at java.desktop/javax.swing.JButton.updateUI(JButton.java:144)
2026-04-13 19:21:09,853 [  10241]   INFO - STDERR - 	at com.intellij.openapi.actionSystem.ex.ComboBoxAction$ComboBoxButton.updateUI(ComboBoxAction.java:372)
2026-04-13 19:21:09,853 [  10241]   INFO - STDERR - 	at java.desktop/javax.swing.AbstractButton.init(AbstractButton.java:2141)
2026-04-13 19:21:09,853 [  10241]   INFO - STDERR - 	at java.desktop/javax.swing.JButton.<init>(JButton.java:134)
2026-04-13 19:21:09,853 [  10241]   INFO - STDERR - 	at java.desktop/javax.swing.JButton.<init>(JButton.java:88)
2026-04-13 19:21:09,853 [  10241]   INFO - STDERR - 	at com.intellij.openapi.actionSystem.ex.ComboBoxAction$ComboBoxButton.<init>(ComboBoxAction.java:152)
2026-04-13 19:21:09,853 [  10241]   INFO - STDERR - 	at com.intellij.util.ui.tree.PerFileConfigurableBase$PerFileConfigurableComboBoxAction$1.<init>(PerFileConfigurableBase.java:882)
2026-04-13 19:21:09,854 [  10242]   INFO - STDERR - 	at com.intellij.util.ui.tree.PerFileConfigurableBase$PerFileConfigurableComboBoxAction.createComboBoxButton(PerFileConfigurableBase.java:882)
2026-04-13 19:21:09,854 [  10242]   INFO - STDERR - 	at com.intellij.openapi.actionSystem.ex.ComboBoxAction.createCustomComponent(ComboBoxAction.java:86)
2026-04-13 19:21:09,854 [  10242]   INFO - STDERR - 	at com.intellij.util.ui.tree.PerFileConfigurableBase.createActionPanel(PerFileConfigurableBase.java:614)
2026-04-13 19:21:09,854 [  10242]   INFO - STDERR - 	at com.intellij.util.ui.tree.PerFileConfigurableBase.createActionPanel(PerFileConfigurableBase.java:606)
2026-04-13 19:21:09,854 [  10242]   INFO - STDERR - 	at com.intellij.util.ui.tree.PerFileConfigurableBase.createActionPanel(PerFileConfigurableBase.java:600)
2026-04-13 19:21:09,854 [  10242]   INFO - STDERR - 	at com.intellij.util.ui.tree.PerFileConfigurableBase.createDefaultMappingComponent(PerFileConfigurableBase.java:222)
2026-04-13 19:21:09,854 [  10242]   INFO - STDERR - 	at com.intellij.util.ui.tree.PerFileConfigurableBase.createComponent(PerFileConfigurableBase.java:181)
2026-04-13 19:21:09,855 [  10243]   INFO - STDERR - 	at com.intellij.openapi.vfs.encoding.FileEncodingConfigurable.createComponent(FileEncodingConfigurable.java:159)
2026-04-13 19:21:09,855 [  10243]   INFO - STDERR - 	at com.intellij.openapi.options.ex.ConfigurableWrapper.createComponent(ConfigurableWrapper.java:169)
2026-04-13 19:21:09,855 [  10243]   INFO - STDERR - 	at com.intellij.ide.ui.search.SearchUtil.processConfigurables(SearchUtil.java:75)
2026-04-13 19:21:09,856 [  10244]   INFO - STDERR - 	at com.intellij.ide.ui.search.TraverseUIStarter.lambda$startup$0(TraverseUIStarter.java:120)
2026-04-13 19:21:09,856 [  10244]   INFO - STDERR - 	at java.desktop/java.awt.event.InvocationEvent.dispatch(InvocationEvent.java:308)
2026-04-13 19:21:09,856 [  10244]   INFO - STDERR - 	at java.desktop/java.awt.EventQueue.dispatchEventImpl(EventQueue.java:779)
2026-04-13 19:21:09,856 [  10244]   INFO - STDERR - 	at java.desktop/java.awt.EventQueue$4.run(EventQueue.java:730)
2026-04-13 19:21:09,856 [  10244]   INFO - STDERR - 	at java.desktop/java.awt.EventQueue$4.run(EventQueue.java:724)
2026-04-13 19:21:09,856 [  10244]   INFO - STDERR - 	at java.base/java.security.AccessController.doPrivileged(AccessController.java:399)
2026-04-13 19:21:09,856 [  10244]   INFO - STDERR - 	at java.base/java.security.ProtectionDomain$JavaSecurityAccessImpl.doIntersectionPrivilege(ProtectionDomain.java:86)
2026-04-13 19:21:09,857 [  10245]   INFO - STDERR - 	at java.desktop/java.awt.EventQueue.dispatchEvent(EventQueue.java:749)
2026-04-13 19:21:09,857 [  10245]   INFO - STDERR - 	at com.intellij.ide.IdeEventQueue.defaultDispatchEvent(IdeEventQueue.java:909)
2026-04-13 19:21:09,857 [  10245]   INFO - STDERR - 	at com.intellij.ide.IdeEventQueue._dispatchEvent(IdeEventQueue.java:756)
2026-04-13 19:21:09,857 [  10245]   INFO - STDERR - 	at com.intellij.ide.IdeEventQueue.lambda$dispatchEvent$5(IdeEventQueue.java:437)
2026-04-13 19:21:09,858 [  10246]   INFO - STDERR - 	at com.intellij.openapi.progress.impl.CoreProgressManager.computePrioritized(CoreProgressManager.java:772)
2026-04-13 19:21:09,858 [  10246]   INFO - STDERR - 	at com.intellij.ide.IdeEventQueue.lambda$dispatchEvent$6(IdeEventQueue.java:436)
2026-04-13 19:21:09,858 [  10246]   INFO - STDERR - 	at com.intellij.openapi.application.TransactionGuardImpl.performActivity(TransactionGuardImpl.java:105)
2026-04-13 19:21:09,858 [  10246]   INFO - STDERR - 	at com.intellij.ide.IdeEventQueue.performActivity(IdeEventQueue.java:615)
2026-04-13 19:21:09,858 [  10246]   INFO - STDERR - 	at com.intellij.ide.IdeEventQueue.lambda$dispatchEvent$7(IdeEventQueue.java:434)
2026-04-13 19:21:09,858 [  10246]   INFO - STDERR - 	at com.intellij.openapi.application.impl.ApplicationImpl.runIntendedWriteActionOnCurrentThread(ApplicationImpl.java:813)
2026-04-13 19:21:09,858 [  10246]   INFO - STDERR - 	at com.intellij.ide.IdeEventQueue.dispatchEvent(IdeEventQueue.java:480)
2026-04-13 19:21:09,858 [  10246]   INFO - STDERR - 	at java.desktop/java.awt.EventDispatchThread.pumpOneEventForFilters(EventDispatchThread.java:207)
2026-04-13 19:21:09,858 [  10246]   INFO - STDERR - 	at java.desktop/java.awt.EventDispatchThread.pumpEventsForFilter(EventDispatchThread.java:128)
2026-04-13 19:21:09,858 [  10246]   INFO - STDERR - 	at java.desktop/java.awt.EventDispatchThread.pumpEventsForHierarchy(EventDispatchThread.java:117)
2026-04-13 19:21:09,858 [  10246]   INFO - STDERR - 	at java.desktop/java.awt.EventDispatchThread.pumpEvents(EventDispatchThread.java:113)
2026-04-13 19:21:09,858 [  10246]   INFO - STDERR - 	at java.desktop/java.awt.EventDispatchThread.pumpEvents(EventDispatchThread.java:105)
2026-04-13 19:21:09,858 [  10246]   INFO - STDERR - 	at java.desktop/java.awt.EventDispatchThread.run(EventDispatchThread.java:92)
2026-04-13 19:21:09,861 [  10249]   INFO - STDERR - java.lang.Error: no ComponentUI class for: com.intellij.util.ui.tree.PerFileConfigurableBase$PerFileConfigurableComboBoxAction$1[,0,0,0x0,invalid,alignmentX=0.0,alignmentY=0.0,border=,flags=0,maximumSize=,minimumSize=,preferredSize=,defaultIcon=,disabledIcon=,disabledSelectedIcon=,margin=null,paintBorder=true,paintFocus=true,pressedIcon=,rolloverEnabled=false,rolloverIcon=,rolloverSelectedIcon=,selectedIcon=,text=,defaultCapable=true]
2026-04-13 19:21:09,861 [  10249]   INFO - STDERR - 	at java.desktop/javax.swing.UIDefaults.getUIError(UIDefaults.java:763)
2026-04-13 19:21:09,861 [  10249]   INFO - STDERR - 	at java.desktop/javax.swing.MultiUIDefaults.getUIError(MultiUIDefaults.java:144)
2026-04-13 19:21:09,861 [  10249]   INFO - STDERR - 	at java.desktop/javax.swing.UIDefaults.getUI(UIDefaults.java:793)
2026-04-13 19:21:09,861 [  10249]   INFO - STDERR - 	at java.desktop/javax.swing.UIManager.getUI(UIManager.java:1078)
2026-04-13 19:21:09,862 [  10250]   INFO - STDERR - 	at java.desktop/javax.swing.JButton.updateUI(JButton.java:144)
2026-04-13 19:21:09,862 [  10250]   INFO - STDERR - 	at com.intellij.openapi.actionSystem.ex.ComboBoxAction$ComboBoxButton.updateUI(ComboBoxAction.java:372)
2026-04-13 19:21:09,862 [  10250]   INFO - STDERR - 	at java.desktop/javax.swing.AbstractButton.init(AbstractButton.java:2141)
2026-04-13 19:21:09,862 [  10250]   INFO - STDERR - 	at java.desktop/javax.swing.JButton.<init>(JButton.java:134)
2026-04-13 19:21:09,862 [  10250]   INFO - STDERR - 	at java.desktop/javax.swing.JButton.<init>(JButton.java:88)
2026-04-13 19:21:09,862 [  10250]   INFO - STDERR - 	at com.intellij.openapi.actionSystem.ex.ComboBoxAction$ComboBoxButton.<init>(ComboBoxAction.java:152)
2026-04-13 19:21:09,862 [  10250]   INFO - STDERR - 	at com.intellij.util.ui.tree.PerFileConfigurableBase$PerFileConfigurableComboBoxAction$1.<init>(PerFileConfigurableBase.java:882)
2026-04-13 19:21:09,862 [  10250]   INFO - STDERR - 	at com.intellij.util.ui.tree.PerFileConfigurableBase$PerFileConfigurableComboBoxAction.createComboBoxButton(PerFileConfigurableBase.java:882)
2026-04-13 19:21:09,862 [  10250]   INFO - STDERR - 	at com.intellij.openapi.actionSystem.ex.ComboBoxAction.createCustomComponent(ComboBoxAction.java:86)
2026-04-13 19:21:09,862 [  10250]   INFO - STDERR - 	at com.intellij.util.ui.tree.PerFileConfigurableBase.createActionPanel(PerFileConfigurableBase.java:614)
2026-04-13 19:21:09,862 [  10250]   INFO - STDERR - 	at com.intellij.util.ui.tree.PerFileConfigurableBase.createActionPanel(PerFileConfigurableBase.java:606)
2026-04-13 19:21:09,862 [  10250]   INFO - STDERR - 	at com.intellij.util.ui.tree.PerFileConfigurableBase.createActionPanel(PerFileConfigurableBase.java:600)
2026-04-13 19:21:09,862 [  10250]   INFO - STDERR - 	at com.intellij.util.ui.tree.PerFileConfigurableBase.createDefaultMappingComponent(PerFileConfigurableBase.java:222)
2026-04-13 19:21:09,862 [  10250]   INFO - STDERR - 	at com.intellij.util.ui.tree.PerFileConfigurableBase.createComponent(PerFileConfigurableBase.java:181)
2026-04-13 19:21:09,862 [  10250]   INFO - STDERR - 	at com.intellij.openapi.vfs.encoding.FileEncodingConfigurable.createComponent(FileEncodingConfigurable.java:159)
2026-04-13 19:21:09,862 [  10250]   INFO - STDERR - 	at com.intellij.openapi.options.ex.ConfigurableWrapper.createComponent(ConfigurableWrapper.java:169)
2026-04-13 19:21:09,862 [  10250]   INFO - STDERR - 	at com.intellij.ide.ui.search.SearchUtil.processConfigurables(SearchUtil.java:75)
2026-04-13 19:21:09,862 [  10250]   INFO - STDERR - 	at com.intellij.ide.ui.search.TraverseUIStarter.lambda$startup$0(TraverseUIStarter.java:120)
2026-04-13 19:21:09,863 [  10251]   INFO - STDERR - 	at java.desktop/java.awt.event.InvocationEvent.dispatch(InvocationEvent.java:308)
2026-04-13 19:21:09,863 [  10251]   INFO - STDERR - 	at java.desktop/java.awt.EventQueue.dispatchEventImpl(EventQueue.java:779)
2026-04-13 19:21:09,863 [  10251]   INFO - STDERR - 	at java.desktop/java.awt.EventQueue$4.run(EventQueue.java:730)
2026-04-13 19:21:09,863 [  10251]   INFO - STDERR - 	at java.desktop/java.awt.EventQueue$4.run(EventQueue.java:724)
2026-04-13 19:21:09,863 [  10251]   INFO - STDERR - 	at java.base/java.security.AccessController.doPrivileged(AccessController.java:399)
2026-04-13 19:21:09,863 [  10251]   INFO - STDERR - 	at java.base/java.security.ProtectionDomain$JavaSecurityAccessImpl.doIntersectionPrivilege(ProtectionDomain.java:86)
2026-04-13 19:21:09,863 [  10251]   INFO - STDERR - 	at java.desktop/java.awt.EventQueue.dispatchEvent(EventQueue.java:749)
2026-04-13 19:21:09,863 [  10251]   INFO - STDERR - 	at com.intellij.ide.IdeEventQueue.defaultDispatchEvent(IdeEventQueue.java:909)
2026-04-13 19:21:09,863 [  10251]   INFO - STDERR - 	at com.intellij.ide.IdeEventQueue._dispatchEvent(IdeEventQueue.java:756)
2026-04-13 19:21:09,863 [  10251]   INFO - STDERR - 	at com.intellij.ide.IdeEventQueue.lambda$dispatchEvent$5(IdeEventQueue.java:437)
2026-04-13 19:21:09,863 [  10251]   INFO - STDERR - 	at com.intellij.openapi.progress.impl.CoreProgressManager.computePrioritized(CoreProgressManager.java:772)
2026-04-13 19:21:09,863 [  10251]   INFO - STDERR - 	at com.intellij.ide.IdeEventQueue.lambda$dispatchEvent$6(IdeEventQueue.java:436)
2026-04-13 19:21:09,863 [  10251]   INFO - STDERR - 	at com.intellij.openapi.application.TransactionGuardImpl.performActivity(TransactionGuardImpl.java:105)
2026-04-13 19:21:09,863 [  10251]   INFO - STDERR - 	at com.intellij.ide.IdeEventQueue.performActivity(IdeEventQueue.java:615)
2026-04-13 19:21:09,863 [  10251]   INFO - STDERR - 	at com.intellij.ide.IdeEventQueue.lambda$dispatchEvent$7(IdeEventQueue.java:434)
2026-04-13 19:21:09,863 [  10251]   INFO - STDERR - 	at com.intellij.openapi.application.impl.ApplicationImpl.runIntendedWriteActionOnCurrentThread(ApplicationImpl.java:813)
2026-04-13 19:21:09,863 [  10251]   INFO - STDERR - 	at com.intellij.ide.IdeEventQueue.dispatchEvent(IdeEventQueue.java:480)
2026-04-13 19:21:09,864 [  10252]   INFO - STDERR - 	at java.desktop/java.awt.EventDispatchThread.pumpOneEventForFilters(EventDispatchThread.java:207)
2026-04-13 19:21:09,864 [  10252]   INFO - STDERR - 	at java.desktop/java.awt.EventDispatchThread.pumpEventsForFilter(EventDispatchThread.java:128)
2026-04-13 19:21:09,864 [  10252]   INFO - STDERR - 	at java.desktop/java.awt.EventDispatchThread.pumpEventsForHierarchy(EventDispatchThread.java:117)
2026-04-13 19:21:09,864 [  10252]   INFO - STDERR - 	at java.desktop/java.awt.EventDispatchThread.pumpEvents(EventDispatchThread.java:113)
2026-04-13 19:21:09,864 [  10252]   INFO - STDERR - 	at java.desktop/java.awt.EventDispatchThread.pumpEvents(EventDispatchThread.java:105)
2026-04-13 19:21:09,864 [  10252]   INFO - STDERR - 	at java.desktop/java.awt.EventDispatchThread.run(EventDispatchThread.java:92)
2026-04-13 19:21:09,866 [  10254]   INFO - STDERR - java.lang.Error: no ComponentUI class for: com.intellij.util.ui.tree.PerFileConfigurableBase$PerFileConfigurableComboBoxAction$1[,0,0,0x0,invalid,alignmentX=0.0,alignmentY=0.0,border=,flags=0,maximumSize=,minimumSize=,preferredSize=,defaultIcon=,disabledIcon=,disabledSelectedIcon=,margin=null,paintBorder=true,paintFocus=true,pressedIcon=,rolloverEnabled=false,rolloverIcon=,rolloverSelectedIcon=,selectedIcon=,text=,defaultCapable=true]
2026-04-13 19:21:09,866 [  10254]   INFO - STDERR - 	at java.desktop/javax.swing.UIDefaults.getUIError(UIDefaults.java:763)
2026-04-13 19:21:09,867 [  10255]   INFO - STDERR - 	at java.desktop/javax.swing.MultiUIDefaults.getUIError(MultiUIDefaults.java:144)
2026-04-13 19:21:09,867 [  10255]   INFO - STDERR - 	at java.desktop/javax.swing.UIDefaults.getUI(UIDefaults.java:793)
2026-04-13 19:21:09,867 [  10255]   INFO - STDERR - 	at java.desktop/javax.swing.UIManager.getUI(UIManager.java:1078)
2026-04-13 19:21:09,867 [  10255]   INFO - STDERR - 	at java.desktop/javax.swing.JButton.updateUI(JButton.java:144)
2026-04-13 19:21:09,868 [  10256]   INFO - STDERR - 	at com.intellij.openapi.actionSystem.ex.ComboBoxAction$ComboBoxButton.updateUI(ComboBoxAction.java:372)
2026-04-13 19:21:09,868 [  10256]   INFO - STDERR - 	at java.desktop/javax.swing.AbstractButton.init(AbstractButton.java:2141)
2026-04-13 19:21:09,868 [  10256]   INFO - STDERR - 	at java.desktop/javax.swing.JButton.<init>(JButton.java:134)
2026-04-13 19:21:09,868 [  10256]   INFO - STDERR - 	at java.desktop/javax.swing.JButton.<init>(JButton.java:88)
2026-04-13 19:21:09,868 [  10256]   INFO - STDERR - 	at com.intellij.openapi.actionSystem.ex.ComboBoxAction$ComboBoxButton.<init>(ComboBoxAction.java:152)
2026-04-13 19:21:09,868 [  10256]   INFO - STDERR - 	at com.intellij.util.ui.tree.PerFileConfigurableBase$PerFileConfigurableComboBoxAction$1.<init>(PerFileConfigurableBase.java:882)
2026-04-13 19:21:09,868 [  10256]   INFO - STDERR - 	at com.intellij.util.ui.tree.PerFileConfigurableBase$PerFileConfigurableComboBoxAction.createComboBoxButton(PerFileConfigurableBase.java:882)
2026-04-13 19:21:09,868 [  10256]   INFO - STDERR - 	at com.intellij.openapi.actionSystem.ex.ComboBoxAction.createCustomComponent(ComboBoxAction.java:86)
2026-04-13 19:21:09,868 [  10256]   INFO - STDERR - 	at com.intellij.util.ui.tree.PerFileConfigurableBase.createActionPanel(PerFileConfigurableBase.java:614)
2026-04-13 19:21:09,869 [  10257]   INFO - STDERR - 	at com.intellij.util.ui.tree.PerFileConfigurableBase.createActionPanel(PerFileConfigurableBase.java:610)
2026-04-13 19:21:09,869 [  10257]   INFO - STDERR - 	at com.intellij.openapi.vfs.encoding.FileEncodingConfigurable.createComponent(FileEncodingConfigurable.java:163)
2026-04-13 19:21:09,869 [  10257]   INFO - STDERR - 	at com.intellij.openapi.options.ex.ConfigurableWrapper.createComponent(ConfigurableWrapper.java:169)
2026-04-13 19:21:09,869 [  10257]   INFO - STDERR - 	at com.intellij.ide.ui.search.SearchUtil.processConfigurables(SearchUtil.java:75)
2026-04-13 19:21:09,869 [  10257]   INFO - STDERR - 	at com.intellij.ide.ui.search.TraverseUIStarter.lambda$startup$0(TraverseUIStarter.java:120)
2026-04-13 19:21:09,869 [  10257]   INFO - STDERR - 	at java.desktop/java.awt.event.InvocationEvent.dispatch(InvocationEvent.java:308)
2026-04-13 19:21:09,869 [  10257]   INFO - STDERR - 	at java.desktop/java.awt.EventQueue.dispatchEventImpl(EventQueue.java:779)
2026-04-13 19:21:09,869 [  10257]   INFO - STDERR - 	at java.desktop/java.awt.EventQueue$4.run(EventQueue.java:730)
2026-04-13 19:21:09,869 [  10257]   INFO - STDERR - 	at java.desktop/java.awt.EventQueue$4.run(EventQueue.java:724)
2026-04-13 19:21:09,869 [  10257]   INFO - STDERR - 	at java.base/java.security.AccessController.doPrivileged(AccessController.java:399)
2026-04-13 19:21:09,870 [  10258]   INFO - STDERR - 	at java.base/java.security.ProtectionDomain$JavaSecurityAccessImpl.doIntersectionPrivilege(ProtectionDomain.java:86)
2026-04-13 19:21:09,870 [  10258]   INFO - STDERR - 	at java.desktop/java.awt.EventQueue.dispatchEvent(EventQueue.java:749)
2026-04-13 19:21:09,870 [  10258]   INFO - STDERR - 	at com.intellij.ide.IdeEventQueue.defaultDispatchEvent(IdeEventQueue.java:909)
2026-04-13 19:21:09,870 [  10258]   INFO - STDERR - 	at com.intellij.ide.IdeEventQueue._dispatchEvent(IdeEventQueue.java:756)
2026-04-13 19:21:09,870 [  10258]   INFO - STDERR - 	at com.intellij.ide.IdeEventQueue.lambda$dispatchEvent$5(IdeEventQueue.java:437)
2026-04-13 19:21:09,870 [  10258]   INFO - STDERR - 	at com.intellij.openapi.progress.impl.CoreProgressManager.computePrioritized(CoreProgressManager.java:772)
2026-04-13 19:21:09,870 [  10258]   INFO - STDERR - 	at com.intellij.ide.IdeEventQueue.lambda$dispatchEvent$6(IdeEventQueue.java:436)
2026-04-13 19:21:09,871 [  10259]   INFO - STDERR - 	at com.intellij.openapi.application.TransactionGuardImpl.performActivity(TransactionGuardImpl.java:105)
2026-04-13 19:21:09,871 [  10259]   INFO - STDERR - 	at com.intellij.ide.IdeEventQueue.performActivity(IdeEventQueue.java:615)
2026-04-13 19:21:09,871 [  10259]   INFO - STDERR - 	at com.intellij.ide.IdeEventQueue.lambda$dispatchEvent$7(IdeEventQueue.java:434)
2026-04-13 19:21:09,871 [  10259]   INFO - STDERR - 	at com.intellij.openapi.application.impl.ApplicationImpl.runIntendedWriteActionOnCurrentThread(ApplicationImpl.java:813)
2026-04-13 19:21:09,871 [  10259]   INFO - STDERR - 	at com.intellij.ide.IdeEventQueue.dispatchEvent(IdeEventQueue.java:480)
2026-04-13 19:21:09,871 [  10259]   INFO - STDERR - 	at java.desktop/java.awt.EventDispatchThread.pumpOneEventForFilters(EventDispatchThread.java:207)
2026-04-13 19:21:09,871 [  10259]   INFO - STDERR - 	at java.desktop/java.awt.EventDispatchThread.pumpEventsForFilter(EventDispatchThread.java:128)
2026-04-13 19:21:09,871 [  10259]   INFO - STDERR - 	at java.desktop/java.awt.EventDispatchThread.pumpEventsForHierarchy(EventDispatchThread.java:117)
2026-04-13 19:21:09,871 [  10259]   INFO - STDERR - 	at java.desktop/java.awt.EventDispatchThread.pumpEvents(EventDispatchThread.java:113)
2026-04-13 19:21:09,871 [  10259]   INFO - STDERR - 	at java.desktop/java.awt.EventDispatchThread.pumpEvents(EventDispatchThread.java:105)
2026-04-13 19:21:09,872 [  10260]   INFO - STDERR - 	at java.desktop/java.awt.EventDispatchThread.run(EventDispatchThread.java:92)
2026-04-13 19:21:09,958 [  10346]   WARN - JetBrains UI DSL - Unsupported labeled component: com.intellij.ui.components.JBList
2026-04-13 19:21:10,516 [  10904]   WARN - #c.i.u.j.JBCefApp - JCEF is manually disabled in headless env via 'ide.browser.jcef.headless.enabled=false'
2026-04-13 19:21:10,519 [  10907]   INFO - #org.intellij.plugins.markdown.settings.MarkdownSettings - Migrating Markdown settings
2026-04-13 19:21:11,569 [  11957]   INFO - STDOUT - Found 217 configurables
2026-04-13 19:21:13,164 [  13552]   INFO - STDOUT - Output written to /Users/vadim/code/metricstree_cli/build/searchableOptions/devkit.jar!/search/devkit.jar!.searchableOptions.xml
2026-04-13 19:21:13,166 [  13554]   INFO - STDOUT - Output written to /Users/vadim/code/metricstree_cli/build/searchableOptions/platform-statistics-devkit.jar/search/platform-statistics-devkit.jar.searchableOptions.xml
2026-04-13 19:21:13,166 [  13554]   INFO - STDOUT - Output written to /Users/vadim/code/metricstree_cli/build/searchableOptions/textmate.jar/search/textmate.jar.searchableOptions.xml
2026-04-13 19:21:13,168 [  13556]   INFO - STDOUT - Output written to /Users/vadim/code/metricstree_cli/build/searchableOptions/markdown.jar/search/markdown.jar.searchableOptions.xml
2026-04-13 19:21:13,169 [  13557]   INFO - STDOUT - Output written to /Users/vadim/code/metricstree_cli/build/searchableOptions/eclipse.jar/search/eclipse.jar.searchableOptions.xml
2026-04-13 19:21:13,169 [  13557]   INFO - STDOUT - Output written to /Users/vadim/code/metricstree_cli/build/searchableOptions/tasks-core.jar/search/tasks-core.jar.searchableOptions.xml
2026-04-13 19:21:13,170 [  13558]   INFO - STDOUT - Output written to /Users/vadim/code/metricstree_cli/build/searchableOptions/sh.jar/search/sh.jar.searchableOptions.xml
2026-04-13 19:21:13,171 [  13559]   INFO - STDOUT - Output written to /Users/vadim/code/metricstree_cli/build/searchableOptions/cwm-host-unattended.jar/search/cwm-host-unattended.jar.searchableOptions.xml
2026-04-13 19:21:13,172 [  13560]   INFO - STDOUT - Output written to /Users/vadim/code/metricstree_cli/build/searchableOptions/java-coverage.jar/search/java-coverage.jar.searchableOptions.xml
2026-04-13 19:21:13,173 [  13561]   INFO - STDOUT - Output written to /Users/vadim/code/metricstree_cli/build/searchableOptions/devkit.jar/search/devkit.jar.searchableOptions.xml
2026-04-13 19:21:13,174 [  13562]   INFO - STDOUT - Output written to /Users/vadim/code/metricstree_cli/build/searchableOptions/java-impl.jar!/search/java-impl.jar!.searchableOptions.xml
2026-04-13 19:21:13,174 [  13562]   INFO - STDOUT - Output written to /Users/vadim/code/metricstree_cli/build/searchableOptions/javaFX.jar!/search/javaFX.jar!.searchableOptions.xml
2026-04-13 19:21:13,174 [  13562]   INFO - STDOUT - Output written to /Users/vadim/code/metricstree_cli/build/searchableOptions/searchEverywhereMl.jar/search/searchEverywhereMl.jar.searchableOptions.xml
2026-04-13 19:21:13,174 [  13562]   INFO - STDOUT - Output written to /Users/vadim/code/metricstree_cli/build/searchableOptions/idea-junit.jar!/search/idea-junit.jar!.searchableOptions.xml
2026-04-13 19:21:13,175 [  13563]   INFO - STDOUT - Output written to /Users/vadim/code/metricstree_cli/build/searchableOptions/uiDesigner.jar/search/uiDesigner.jar.searchableOptions.xml
2026-04-13 19:21:13,175 [  13563]   INFO - STDOUT - Output written to /Users/vadim/code/metricstree_cli/build/searchableOptions/javaFX.jar/search/javaFX.jar.searchableOptions.xml
2026-04-13 19:21:13,176 [  13564]   INFO - STDOUT - Output written to /Users/vadim/code/metricstree_cli/build/searchableOptions/dev.jar/search/dev.jar.searchableOptions.xml
2026-04-13 19:21:13,176 [  13564]   INFO - STDOUT - Output written to /Users/vadim/code/metricstree_cli/build/searchableOptions/space.jar/search/space.jar.searchableOptions.xml
2026-04-13 19:21:13,177 [  13565]   INFO - STDOUT - Output written to /Users/vadim/code/metricstree_cli/build/searchableOptions/cwm-plugin-terminal.jar/search/cwm-plugin-terminal.jar.searchableOptions.xml
2026-04-13 19:21:13,178 [  13566]   INFO - STDOUT - Output written to /Users/vadim/code/metricstree_cli/build/searchableOptions/vcs-svn.jar/search/vcs-svn.jar.searchableOptions.xml
2026-04-13 19:21:13,178 [  13566]   INFO - STDOUT - Output written to /Users/vadim/code/metricstree_cli/build/searchableOptions/byteCodeViewer.jar/search/byteCodeViewer.jar.searchableOptions.xml
2026-04-13 19:21:13,178 [  13566]   INFO - STDOUT - Output written to /Users/vadim/code/metricstree_cli/build/searchableOptions/testng-plugin.jar!/search/testng-plugin.jar!.searchableOptions.xml
2026-04-13 19:21:13,179 [  13567]   INFO - STDOUT - Output written to /Users/vadim/code/metricstree_cli/build/searchableOptions/android.jar!/search/android.jar!.searchableOptions.xml
2026-04-13 19:21:13,179 [  13567]   INFO - STDOUT - Output written to /Users/vadim/code/metricstree_cli/build/searchableOptions/marketplace.jar/search/marketplace.jar.searchableOptions.xml
2026-04-13 19:21:13,183 [  13571]   INFO - STDOUT - Output written to /Users/vadim/code/metricstree_cli/build/searchableOptions/maven.jar/search/maven.jar.searchableOptions.xml
2026-04-13 19:21:13,183 [  13571]   INFO - STDOUT - Output written to /Users/vadim/code/metricstree_cli/build/searchableOptions/copyright.jar/search/copyright.jar.searchableOptions.xml
2026-04-13 19:21:13,184 [  13572]   INFO - STDOUT - Output written to /Users/vadim/code/metricstree_cli/build/searchableOptions/maven.jar!/search/maven.jar!.searchableOptions.xml
2026-04-13 19:21:13,185 [  13573]   INFO - STDOUT - Output written to /Users/vadim/code/metricstree_cli/build/searchableOptions/Groovy.jar/search/Groovy.jar.searchableOptions.xml
2026-04-13 19:21:13,186 [  13574]   INFO - STDOUT - Output written to /Users/vadim/code/metricstree_cli/build/searchableOptions/terminal.jar/search/terminal.jar.searchableOptions.xml
2026-04-13 19:21:13,188 [  13576]   INFO - STDOUT - Output written to /Users/vadim/code/metricstree_cli/build/searchableOptions/antIntegration.jar/search/antIntegration.jar.searchableOptions.xml
2026-04-13 19:21:13,189 [  13577]   INFO - STDOUT - Output written to /Users/vadim/code/metricstree_cli/build/searchableOptions/gradle-java.jar/search/gradle-java.jar.searchableOptions.xml
2026-04-13 19:21:13,190 [  13578]   INFO - STDOUT - Output written to /Users/vadim/code/metricstree_cli/build/searchableOptions/platform-structuralSearch.jar/search/platform-structuralSearch.jar.searchableOptions.xml
2026-04-13 19:21:13,191 [  13579]   INFO - STDOUT - Output written to /Users/vadim/code/metricstree_cli/build/searchableOptions/properties.jar/search/properties.jar.searchableOptions.xml
2026-04-13 19:21:13,194 [  13582]   INFO - STDOUT - Output written to /Users/vadim/code/metricstree_cli/build/searchableOptions/java-impl.jar/search/java-impl.jar.searchableOptions.xml
2026-04-13 19:21:13,194 [  13582]   INFO - STDOUT - Output written to /Users/vadim/code/metricstree_cli/build/searchableOptions/adt-ui.jar/search/adt-ui.jar.searchableOptions.xml
2026-04-13 19:21:13,195 [  13583]   INFO - STDOUT - Output written to /Users/vadim/code/metricstree_cli/build/searchableOptions/vcs-perforce.jar/search/vcs-perforce.jar.searchableOptions.xml
2026-04-13 19:21:13,196 [  13584]   INFO - STDOUT - Output written to /Users/vadim/code/metricstree_cli/build/searchableOptions/java-debugger-streams.jar/search/java-debugger-streams.jar.searchableOptions.xml
2026-04-13 19:21:13,196 [  13584]   INFO - STDOUT - Output written to /Users/vadim/code/metricstree_cli/build/searchableOptions/gradle.jar/search/gradle.jar.searchableOptions.xml
2026-04-13 19:21:13,196 [  13584]   INFO - STDOUT - Output written to /Users/vadim/code/metricstree_cli/build/searchableOptions/testng-plugin.jar/search/testng-plugin.jar.searchableOptions.xml
2026-04-13 19:21:13,197 [  13585]   INFO - STDOUT - Output written to /Users/vadim/code/metricstree_cli/build/searchableOptions/grazie.jar/search/grazie.jar.searchableOptions.xml
2026-04-13 19:21:13,197 [  13585]   INFO - STDOUT - Output written to /Users/vadim/code/metricstree_cli/build/searchableOptions/qodana.jar/search/qodana.jar.searchableOptions.xml
2026-04-13 19:21:13,205 [  13593]   INFO - STDOUT - Output written to /Users/vadim/code/metricstree_cli/build/searchableOptions/app.jar/search/app.jar.searchableOptions.xml
2026-04-13 19:21:13,206 [  13594]   INFO - STDOUT - Output written to /Users/vadim/code/metricstree_cli/build/searchableOptions/android.jar/search/android.jar.searchableOptions.xml
2026-04-13 19:21:13,207 [  13595]   INFO - STDOUT - Output written to /Users/vadim/code/metricstree_cli/build/searchableOptions/completionMlRanking.jar/search/completionMlRanking.jar.searchableOptions.xml
2026-04-13 19:21:13,207 [  13595]   INFO - STDOUT - Output written to /Users/vadim/code/metricstree_cli/build/searchableOptions/java-decompiler.jar/search/java-decompiler.jar.searchableOptions.xml
2026-04-13 19:21:13,207 [  13595]   INFO - STDOUT - Output written to /Users/vadim/code/metricstree_cli/build/searchableOptions/vcs-hg.jar/search/vcs-hg.jar.searchableOptions.xml
2026-04-13 19:21:13,208 [  13596]   INFO - STDOUT - Output written to /Users/vadim/code/metricstree_cli/build/searchableOptions/xpath.jar/search/xpath.jar.searchableOptions.xml
2026-04-13 19:21:13,208 [  13596]   INFO - STDOUT - Output written to /Users/vadim/code/metricstree_cli/build/searchableOptions/packageSearch.jar/search/packageSearch.jar.searchableOptions.xml
2026-04-13 19:21:13,208 [  13596]   INFO - STDOUT - Output written to /Users/vadim/code/metricstree_cli/build/searchableOptions/cwm-common.jar/search/cwm-common.jar.searchableOptions.xml
2026-04-13 19:21:13,209 [  13597]   INFO - STDOUT - Output written to /Users/vadim/code/metricstree_cli/build/searchableOptions/java-i18n.jar/search/java-i18n.jar.searchableOptions.xml
2026-04-13 19:21:13,209 [  13597]   INFO - STDOUT - Output written to /Users/vadim/code/metricstree_cli/build/searchableOptions/Groovy.jar!/search/Groovy.jar!.searchableOptions.xml
2026-04-13 19:21:13,210 [  13598]   INFO - STDOUT - Output written to /Users/vadim/code/metricstree_cli/build/searchableOptions/emojipicker.jar/search/emojipicker.jar.searchableOptions.xml
2026-04-13 19:21:13,210 [  13598]   INFO - STDOUT - Output written to /Users/vadim/code/metricstree_cli/build/searchableOptions/toml.jar/search/toml.jar.searchableOptions.xml
2026-04-13 19:21:13,210 [  13598]   INFO - STDOUT - Output written to /Users/vadim/code/metricstree_cli/build/searchableOptions/xml-dom.jar/search/xml-dom.jar.searchableOptions.xml
2026-04-13 19:21:13,210 [  13598]   INFO - STDOUT - Output written to /Users/vadim/code/metricstree_cli/build/searchableOptions/idea-junit.jar/search/idea-junit.jar.searchableOptions.xml
2026-04-13 19:21:13,210 [  13598]   INFO - STDOUT - Output written to /Users/vadim/code/metricstree_cli/build/searchableOptions/yaml.jar/search/yaml.jar.searchableOptions.xml
2026-04-13 19:21:13,210 [  13598]   INFO - STDOUT - Output written to /Users/vadim/code/metricstree_cli/build/searchableOptions/platform-tracing-ide.jar/search/platform-tracing-ide.jar.searchableOptions.xml
2026-04-13 19:21:13,211 [  13599]   INFO - STDOUT - Output written to /Users/vadim/code/metricstree_cli/build/searchableOptions/editorconfig.jar/search/editorconfig.jar.searchableOptions.xml
2026-04-13 19:21:13,212 [  13600]   INFO - STDOUT - Output written to /Users/vadim/code/metricstree_cli/build/searchableOptions/vcs-github.jar/search/vcs-github.jar.searchableOptions.xml
2026-04-13 19:21:13,215 [  13603]   INFO - STDOUT - Output written to /Users/vadim/code/metricstree_cli/build/searchableOptions/lombok.jar/search/lombok.jar.searchableOptions.xml
2026-04-13 19:21:13,216 [  13604]   INFO - STDOUT - Output written to /Users/vadim/code/metricstree_cli/build/searchableOptions/platform-images.jar/search/platform-images.jar.searchableOptions.xml
2026-04-13 19:21:13,216 [  13604]   INFO - STDOUT - Output written to /Users/vadim/code/metricstree_cli/build/searchableOptions/vcs-git.jar/search/vcs-git.jar.searchableOptions.xml
2026-04-13 19:21:13,218 [  13606]   INFO - STDOUT - Output written to /Users/vadim/code/metricstree_cli/build/searchableOptions/kotlin-plugin.jar/search/kotlin-plugin.jar.searchableOptions.xml
2026-04-13 19:21:13,218 [  13606]   INFO - STDOUT - Output written to /Users/vadim/code/metricstree_cli/build/searchableOptions/indexing-shared.jar/search/indexing-shared.jar.searchableOptions.xml
2026-04-13 19:21:13,218 [  13606]   INFO - STDOUT - Output written to /Users/vadim/code/metricstree_cli/build/searchableOptions/featuresTrainer.jar/search/featuresTrainer.jar.searchableOptions.xml
2026-04-13 19:21:13,218 [  13606]   INFO - STDOUT - Output written to /Users/vadim/code/metricstree_cli/build/searchableOptions/design-tools.jar/search/design-tools.jar.searchableOptions.xml
2026-04-13 19:21:13,219 [  13607]   INFO - STDOUT - Output written to /Users/vadim/code/metricstree_cli/build/searchableOptions/kotlin-plugin.jar!/search/kotlin-plugin.jar!.searchableOptions.xml
2026-04-13 19:21:13,219 [  13607]   INFO - STDOUT - Output written to /Users/vadim/code/metricstree_cli/build/searchableOptions/cwm-host.jar/search/cwm-host.jar.searchableOptions.xml
2026-04-13 19:21:13,221 [  13609]   INFO - STDOUT - Output written to /Users/vadim/code/metricstree_cli/build/searchableOptions/gradle-java-maven.jar/search/gradle-java-maven.jar.searchableOptions.xml
2026-04-13 19:21:13,222 [  13610]   INFO - STDOUT - Output written to /Users/vadim/code/metricstree_cli/build/searchableOptions/settingsSync.jar/search/settingsSync.jar.searchableOptions.xml
2026-04-13 19:21:13,224 [  13612]   INFO - STDOUT - Searchable options index builder completed
2026-04-13 19:21:13,244 [  13632]   INFO - #o.j.i.BuiltInServer - web server stopped
2026-04-13 19:21:13,255 [  13643]   INFO - #c.i.u.i.FileBasedIndexImpl - START INDEX SHUTDOWN
2026-04-13 19:21:13,381 [  13769]   INFO - #c.i.p.s.StubIndexImpl - StubIndexExtension-s were unloaded
2026-04-13 19:21:13,381 [  13769]   INFO - #c.i.p.s.SerializationManagerImpl - Start shutting down /Users/vadim/code/metricstree_cli/build/idea-sandbox/system/index/rep.names
2026-04-13 19:21:13,382 [  13770]   INFO - #c.i.p.s.SerializationManagerImpl - Finished shutting down /Users/vadim/code/metricstree_cli/build/idea-sandbox/system/index/rep.names
2026-04-13 19:21:13,385 [  13773]   INFO - #c.i.u.i.FileBasedIndexImpl - END INDEX SHUTDOWN
2026-04-13 19:21:13,451 [  13839]   INFO - #c.i.o.v.n.p.PersistentFSImpl - VFS dispose started
2026-04-13 19:21:13,454 [  13842]   INFO - #c.i.o.v.n.p.PersistentFSImpl - VFS dispose completed
2026-04-13 19:21:13,454 [  13842]   INFO - #c.i.o.f.i.FileTypeDetectionService - 0 auto-detected files. Detection took 0 ms
2026-04-13 19:21:13,485 [  13873]   INFO - #c.i.i.AppStarter - ------------------------------------------------------ IDE SHUTDOWN ------------------------------------------------------
